Material ID,Polymer Name (Formula),Decomposition Energy (eV/atom),Density (g/cm³),Thermal Conductivity (W/m·K),Heat Capacity (J/g·K)
mp-995234,HCO,N/A,1.459956305621531,0.2,1.5
mp-23680,H(CO)2,N/A,1.708093959411746,0.2,1.5
mp-675395,H(CO)2,N/A,1.779719273909909,0.2,1.5
mp-675784,H(CO)2,N/A,1.767854219537199,0.2,1.5
mp-1210976,LiH(CO2)2,N/A,1.085737294796372,0.2,1.5
mp-697873,SnHC2O3,N/A,3.424777032712109,0.2,1.5
mp-1191606,CsHCO3,N/A,3.043260005762615,0.2,1.5
mp-1192213,NaHCO3,N/A,2.100107979616079,0.2,1.5
mp-1195442,TlH(CO2)2,N/A,4.339869008361266,0.2,1.5
mp-1199783,ReH(CO)4,N/A,2.740304761678474,0.2,1.5
mp-1200051,RbH(CO)4,N/A,2.211725459223921,0.2,1.5
mp-1203452,KH(CO2)2,N/A,1.904401368996238,0.2,1.5
mp-1209330,RbH(CO2)2,N/A,2.558784536365742,0.2,1.5
mp-1212514,HC3ClO2,N/A,1.790957473658068,0.2,1.5
mp-1214198,CaH(CO2)2,N/A,1.909259817986102,0.2,1.5
mp-1238754,CsHCO3,N/A,3.365097999009148,0.2,1.5
mp-600152,FeHC2O3,N/A,2.880365439627067,0.2,1.5
mp-634431,KHCO3,N/A,2.228416714388276,0.2,1.5
mp-696396,NaHCO3,N/A,2.146348261590712,0.2,1.5
mp-696987,CsH(CO2)2,N/A,2.841967321084332,0.2,1.5
mp-698558,SiHC3O,N/A,0.9251401354717981,0.2,1.5
mp-720532,HOs7C20O19,N/A,3.873334732180508,0.2,1.5
mp-1205051,ReH(CO)4,N/A,3.006841642685287,0.2,1.5
mp-746778,MnHC3O4,N/A,1.963164754026975,0.2,1.5
mp-1093996,ZnHC4O3,N/A,1.201691430206242,0.2,1.5
mp-600169,CoHCO3,N/A,3.029114825429784,0.2,1.5
mp-1179716,RbHCO3,N/A,2.8069415171354093,0.2,1.5
mp-1190216,HCNO,N/A,1.454282964212212,0.2,1.5
mp-1190956,KHCO3,N/A,2.116973977422005,0.2,1.5
mp-1197162,MnH(CO)5,N/A,1.607864260246371,0.2,1.5
mp-23684,NaHCO2,N/A,1.8551739938066172,0.2,1.5
mp-24230,HCNO,N/A,1.606045041431016,0.2,1.5
mp-705527,ReH(CO)4,N/A,3.139882994782576,0.2,1.5
mp-738714,LiHCO2,N/A,1.3670221172112411,0.2,1.5
mp-1007768,ZnHCO4,N/A,2.181137306995998,0.2,1.5
mp-1022803,CoHCO4,N/A,2.414751480809484,0.2,1.5
mp-769935,CuHCO4,N/A,2.297615355869705,0.2,1.5
mp-1210505,Na2H(CO2)2,N/A,1.968821072189415,0.2,1.5
mp-1212506,HC2(NO2)2,N/A,0.9073880276690941,0.2,1.5
mp-1219040,SmHCO4,N/A,4.894134562252886,0.2,1.5
mp-1219550,SbHC2O5,N/A,3.380485975253515,0.2,1.5
mp-1220134,NdHCO4,N/A,4.632197656496981,0.2,1.5
mp-1224646,GdHCO4,N/A,5.129921335957862,0.2,1.5
mp-23724,KHCO3,N/A,2.256145456749704,0.2,1.5
mp-698267,CoHCO3,N/A,2.438656359,0.2,1.5
mp-722571,ReH(CO)4,N/A,3.000322126,0.2,1.5
mp-734199,MnH(CO)4,N/A,1.8250069399868192,0.2,1.5
mp-558579,TlHCO2,N/A,4.737030065549943,0.2,1.5
mp-557687,TlHCO2,N/A,4.778122054053189,0.2,1.5
mp-24328,RbHCO2,N/A,2.601823488315529,0.2,1.5
mp-542704,CsHCO2,N/A,3.057541512390026,0.2,1.5
mp-1194953,TbH(CO2)3,N/A,3.844245416336287,0.2,1.5
mp-1203970,CeH(CO2)3,N/A,3.267125767910034,0.2,1.5
mp-643989,KHCO2,N/A,1.9216962173903211,0.2,1.5
mp-1190987,HCN3O,N/A,1.143434830698806,0.2,1.5
mp-1213514,CsU2H(C2O7)2,N/A,3.731396898239479,0.2,1.5
mp-1199329,GdPH(CO3)2,N/A,3.176803766558288,0.2,1.5
mp-1192729,KHC(NO)2,N/A,1.7581260002141752,0.2,1.5
mp-1210975,NaBeHCO5,N/A,1.7533646574513422,0.2,1.5
mp-1193261,CsHC(NO)2,N/A,2.588685954381024,0.2,1.5
mp-1197490,KFe3H(CO)11,N/A,1.917037554947877,0.2,1.5
mp-1201933,HCS(OF)3,N/A,1.9323603526865711,0.2,1.5
mp-1212586,HC4NCl2O3,N/A,1.6471683213337371,0.2,1.5
mp-1212700,HAuC4(N2O)2,N/A,2.628252361469591,0.2,1.5
mp-707177,HC5N3(OF4)2,N/A,1.963071289224525,0.2,1.5
mp-707833,HRu6C16NO16,N/A,2.722950379080998,0.2,1.5
mp-728942,CoHRu(CO)6,N/A,2.407966815279359,0.2,1.5
mp-734828,CoHRu3(CO)13,N/A,2.422528668270526,0.2,1.5
mp-1202901,Na2YHC2O7,N/A,2.883603793275391,0.2,1.5
mp-733590,TlCuHCO4,N/A,5.229933300960869,0.2,1.5
mp-769201,LiCuHCO4,N/A,2.505821710300743,0.2,1.5
mp-1211898,KMgH(CO5)2,N/A,2.048219188759833,0.2,1.5
mp-1224650,HW2C9NO10,N/A,2.5876288468243382,0.2,1.5
mp-1225095,HRuRh(CO)6,N/A,2.309733857319458,0.2,1.5
mp-706652,HOs3C10ClO10,N/A,3.395206650950866,0.2,1.5
mp-707923,HOs6C18S2O19,N/A,3.688950198043758,0.2,1.5
mp-729593,HOs6C18S2O19,N/A,3.688949978166009,0.2,1.5
mp-743548,KCr2H(CO)10,N/A,1.671313869227188,0.2,1.5
mp-1197950,Rb3Mo2HCO13,N/A,3.365975989650945,0.2,1.5
mp-1199601,K3Mo2HCO13,N/A,2.9096079735468763,0.2,1.5
mp-1224668,HW2C9NO10,N/A,2.614834717281184,0.2,1.5
mp-1214331,CdHC2(NO)4,N/A,1.165271702819493,0.2,1.5
mp-1215072,Al2HPb(CO5)2,N/A,3.435631071346583,0.2,1.5
mp-1200380,MnHC4N3O5,N/A,2.323776601728043,0.2,1.5
mp-1211566,KHCN4O5,N/A,2.047861603338742,0.2,1.5
mp-601902,Tl2HPtC5N5O,N/A,4.301880495364754,0.2,1.5
mp-695900,SbHCSO3F8,N/A,2.7751941455248392,0.2,1.5
mp-1228969,Ba16Ca2HC12N25O4,N/A,4.284939628956469,0.2,1.5
mp-1203356,HC2SClOF2,N/A,1.6255995605285491,0.2,1.5
mp-1199273,CsBHC3OF9,N/A,2.536114847783102,0.2,1.5
mp-1197579,CrHC7NO5F2,N/A,1.555366596620016,0.2,1.5
mp-1214060,CaMg5P3HCO16,N/A,2.910135889009623,0.2,1.5
mp-1225274,FePHC4(OF)3,N/A,1.882454343995736,0.2,1.5
mp-697108,K3HRhC5N5O,N/A,2.171310078670966,0.2,1.5
mp-707466,HC2S2N(O2F3)2,N/A,2.085244848259793,0.2,1.5
mp-643306,HPbCSNO,N/A,4.427125092702363,0.2,1.5
mp-1217613,Ti2HCSe4Cl16O5,N/A,2.148134291188054,0.2,1.5
mp-1201024,Sb2HCSCl6O5F3,N/A,2.532932723638989,0.2,1.5
mp-1209817,ReHCSN2Cl3O,N/A,2.422847299169069,0.2,1.5
mp-1195948,AgHPbC2SN2O,N/A,4.162031309862073,0.2,1.5
mp-995206,H2CO,N/A,1.137173339158092,0.2,1.5
mp-23683,H2CO,N/A,1.361522334613689,0.2,1.5
mp-625082,H2CO,N/A,1.466250487986297,0.2,1.5
mp-1096984,H2CO,N/A,1.440241053471847,0.2,1.5
mp-1181348,H2CO2,N/A,1.3025394365148961,0.2,1.5
mp-558412,H2CO2,N/A,1.421441764714799,0.2,1.5
mp-625104,H2CO2,N/A,1.339696109144191,0.2,1.5
mp-625105,H2CO2,N/A,1.122395381863535,0.2,1.5
mp-555711,H2CO,N/A,1.5807794867035252,0.2,1.5
mp-1001080,H2CO3,N/A,1.707638038611703,0.2,1.5
mp-995226,H2CO,N/A,1.324655153261881,0.2,1.5
mp-559232,H2C3O4,N/A,1.504989408235208,0.2,1.5
mp-1228613,BaH2(CO3)2,N/A,1.7302363041148041,0.2,1.5
mp-644226,BaH2C2O5,N/A,3.2778423639729413,0.2,1.5
mp-1049181,SnH2C4O3,N/A,2.463241004523902,0.2,1.5
mp-1202876,Co2H2CO5,N/A,3.705482542,0.2,1.5
mp-1203662,FeH2(CO3)2,N/A,2.093559370406642,0.2,1.5
mp-1203827,CoH2(CO2)2,N/A,1.768367593717137,0.2,1.5
mp-1212515,H2C3N2O3,N/A,1.545867510844175,0.2,1.5
mp-23733,Cu3H2(CO4)2,N/A,3.569560923456768,0.2,1.5
mp-24332,H2C(NO)2,N/A,1.723395833325391,0.2,1.5
mp-504588,Cu2H2CO5,N/A,3.7866115784972143,0.2,1.5
mp-555000,MgH2(CO2)2,N/A,1.3234366486379852,0.2,1.5
mp-557581,ZnH2(CO2)2,N/A,1.806635068113847,0.2,1.5
mp-557769,CaH2C2O5,N/A,2.146358415456268,0.2,1.5
mp-558250,MoH2(CO2)2,N/A,2.4977145949116792,0.2,1.5
mp-601323,MoH2(CO2)2,N/A,2.378972576892652,0.2,1.5
mp-643934,CuH2(CO2)2,N/A,1.271482777429175,0.2,1.5
mp-696986,CsH2CO3,N/A,3.205761384675464,0.2,1.5
mp-698310,SnH2C4O3,N/A,1.965768927207558,0.2,1.5
mp-1227120,CaH2CO4,N/A,2.372131857825012,0.2,1.5
mp-560832,CaH2CO4,N/A,2.352667746221619,0.2,1.5
mp-1204815,CoH2CO3,N/A,2.631122913217535,0.2,1.5
mp-1190598,K2H2C2O5,N/A,2.047480126569177,0.2,1.5
mp-1190751,Cs2H2C2O5,N/A,3.226993106403678,0.2,1.5
mp-1212734,FeH2(CO2)2,N/A,2.145010130410932,0.2,1.5
mp-1214914,BaH2(CO2)4,N/A,2.138431242304921,0.2,1.5
mp-644265,CdH2(CO2)2,N/A,3.013814989141193,0.2,1.5
mp-696298,BH2CO,N/A,0.935765646,0.2,1.5
mp-974667,Rb2H2C2O5,N/A,2.774507628968021,0.2,1.5
mp-1197463,H2Pb(CO2)2,N/A,4.261403545861261,0.2,1.5
mp-1200465,H2C(NO)2,N/A,1.731826375156078,0.2,1.5
mp-1201866,H2C4(OF2)3,N/A,2.099743389,0.2,1.5
mp-556478,SrH2(CO2)2,N/A,2.579507614926154,0.2,1.5
mp-601226,BaH2(CO2)2,N/A,2.712234878402488,0.2,1.5
mp-690851,BaH2(CO2)2,N/A,3.125280448892984,0.2,1.5
mp-1215145,Ba2H2C4O9,N/A,3.157187389809125,0.2,1.5
mp-600347,H2Os3(CO)10,N/A,3.395002257716926,0.2,1.5
mp-720808,H2Ru6(CO)17,N/A,2.722326402197006,0.2,1.5
mp-721193,H2Ru4(CO)13,N/A,2.452517534817598,0.2,1.5
mp-758103,YH2(CO3)2,N/A,2.446987835,0.2,1.5
mp-995221,H2CSO4,N/A,1.836388394178811,0.2,1.5
mp-1197697,MgH2(CO2)2,N/A,1.6416794177207201,0.2,1.5
mp-721312,Na2H2CO4,N/A,2.229805744514202,0.2,1.5
mp-1222084,Mn4H2C8O17,N/A,2.497463679021849,0.2,1.5
mp-644256,LiH2CO3,N/A,1.424250517163792,0.2,1.5
mp-1193268,Cu3H2(CO4)2,N/A,3.6239750270094433,0.2,1.5
mp-709039,ZnH2(CO2)2,N/A,2.303078616081346,0.2,1.5
mp-1227189,CaH2C2O5,N/A,2.056294925918164,0.2,1.5
mp-558013,MnH2(CO2)2,N/A,2.198462759836408,0.2,1.5
mp-1201042,CuH2(CO2)2,N/A,2.474570555640317,0.2,1.5
mp-23685,CaH2(CO2)2,N/A,1.9216827110785912,0.2,1.5
mp-601287,CuH2(CO2)2,N/A,2.167205236878421,0.2,1.5
mp-655052,CuH2(CO2)2,N/A,2.364080672343429,0.2,1.5
mp-707727,H2C2N2O,N/A,1.346395573746341,0.2,1.5
mp-707849,H2Os5(CO)16,N/A,3.693786173949759,0.2,1.5
mp-698287,YH2C4O9,N/A,1.8870268558688341,0.2,1.5
mp-1197098,SrH2(CO2)2,N/A,2.145612681294396,0.2,1.5
mp-560210,CaH2(CO2)2,N/A,1.887126400860181,0.2,1.5
mp-560511,CaH2(CO2)2,N/A,1.919910402262718,0.2,1.5
mp-1201340,UP2H2CO13,N/A,2.823207167327909,0.2,1.5
mp-734875,H2Pb4C(Cl3O2)2,N/A,5.546320394723845,0.2,1.5
mp-1190805,CeP2H2CO6,N/A,3.531412509510844,0.2,1.5
mp-1190971,PrP2H2CO6,N/A,3.407770153470342,0.2,1.5
mp-1191082,NdP2H2CO6,N/A,3.490801511467202,0.2,1.5
mp-1191399,LaP2H2CO6,N/A,3.309762637266723,0.2,1.5
mp-1191555,PuP2H2CO6,N/A,4.728791357872563,0.2,1.5
mp-1191715,SmP2H2CO6,N/A,3.6498341075667833,0.2,1.5
mp-644418,CaH2CClO3,N/A,2.305117294755931,0.2,1.5
mp-760042,MnPH2CO6,N/A,2.6968898002636053,0.2,1.5
mp-727956,MnPH2(CO)4,N/A,1.8439110155241951,0.2,1.5
mp-1182554,Fe2PH2CO7,N/A,2.5832727746716353,0.2,1.5
mp-1195353,NaZnH2C3O7,N/A,2.368333632783376,0.2,1.5
mp-1195487,Na4Cd3H2(C2O7)2,N/A,3.684018441868738,0.2,1.5
mp-1197929,NdH2C2Cl2O9,N/A,2.932938554568547,0.2,1.5
mp-1198873,U2P2H2CO14,N/A,3.795459655045396,0.2,1.5
mp-1200522,Na2LaH2C5O11,N/A,2.522548407360223,0.2,1.5
mp-1200964,PrH2C2Cl2O9,N/A,2.883012195,0.2,1.5
mp-1202242,NaMgH2C3O7,N/A,1.957327346414849,0.2,1.5
mp-1204151,Na2CeH2C5O11,N/A,2.579151641006391,0.2,1.5
mp-1210269,NaMnH2C3O7,N/A,2.138802345701962,0.2,1.5
mp-1212361,KH2C4N3O4,N/A,1.088678308203301,0.2,1.5
mp-1215075,AgH2C7O3F5,N/A,2.327300853939073,0.2,1.5
mp-23823,Co2PH2CO7,N/A,3.351733854797458,0.2,1.5
mp-23838,Zn2PH2CO7,N/A,3.422183609046097,0.2,1.5
mp-510517,Fe2PH2CO7,N/A,3.141970990168228,0.2,1.5
mp-557603,K2MoH2(CO4)2,N/A,2.490301462321982,0.2,1.5
mp-559433,K3VH2(CO5)2,N/A,2.3171320021901822,0.2,1.5
mp-604909,Ca4Si2H2CO11,N/A,2.712126602187055,0.2,1.5
mp-728768,K3Mn3H2C12O13,N/A,2.145928276317128,0.2,1.5
mp-740758,H2Os4Pt(CO)15,N/A,3.692482511215948,0.2,1.5
mp-758109,Mn2PH2CO7,N/A,2.853269829029161,0.2,1.5
mp-758128,NaCoH2C3O7,N/A,2.366803267219248,0.2,1.5
mp-758659,H2RuC3(ClO2)2,N/A,2.312973710189411,0.2,1.5
mp-1179607,SbH2C(O2F3)2,N/A,2.595255951582326,0.2,1.5
mp-1200440,UH2C(OF)3,N/A,5.053999611813325,0.2,1.5
mp-1203196,H2Os3C8(SO4)2,N/A,3.453685745060724,0.2,1.5
mp-1211417,Mg2Cu2H2CO9,N/A,2.458081578805733,0.2,1.5
mp-758632,NaH2C2N3O,N/A,1.758288598130942,0.2,1.5
mp-560905,Na2NpH2(CO3)3,N/A,3.433984636923964,0.2,1.5
mp-707792,H2Ru3C8SO8,N/A,2.317538831837629,0.2,1.5
mp-720807,H2Ru6C18SO20,N/A,2.554395315231771,0.2,1.5
mp-1196868,Ag2H2C2N6O13,N/A,2.807877728568972,0.2,1.5
mp-1198291,NpP2H2CO8,N/A,3.942678605442649,0.2,1.5
mp-1199323,ThP2H2CO8,N/A,3.4154264364528633,0.2,1.5
mp-1199367,UP2H2CO9,N/A,3.459963013895308,0.2,1.5
mp-699136,NaAlH2CO5,N/A,2.3768384400654963,0.2,1.5
mp-1197788,UP2H2CO7,N/A,4.185916708547644,0.2,1.5
mp-707277,AgH2C2N3O,N/A,2.940179155603447,0.2,1.5
mp-707929,LiBH2C4O9,N/A,1.902091898541889,0.2,1.5
mp-697981,Cd3H2CSeO8,N/A,4.9213298979513365,0.2,1.5
mp-644285,KAlH2CO5,N/A,2.396888355506319,0.2,1.5
mp-644506,NaAlH2CO5,N/A,2.479984107686117,0.2,1.5
mp-866657,DyAgH2C2SO9,N/A,4.033930633981746,0.2,1.5
mp-866806,TbAgH2C2SO9,N/A,3.998598426859642,0.2,1.5
mp-1173102,Ti2H2CSe4Cl16O5,N/A,1.758415996596753,0.2,1.5
mp-1200489,Ti2H2CSe4Cl16O5,N/A,2.160479676883512,0.2,1.5
mp-693432,Ti2H2CSe4Cl16O5,N/A,2.392882579204777,0.2,1.5
mp-1194811,UAg2P2H2CO8,N/A,5.073991359825645,0.2,1.5
mp-1195779,NaNdP2H2CO7,N/A,3.344592142939348,0.2,1.5
mp-1196129,Na2Fe3P2H2(C4O9)2,N/A,2.371740474039475,0.2,1.5
mp-1196604,NaCeP2H2CO7,N/A,3.314825325729596,0.2,1.5
mp-1197360,Na2Mn3P2H2(C4O9)2,N/A,2.278260563874228,0.2,1.5
mp-1198602,DyH2C2SNO9,N/A,3.126430465402964,0.2,1.5
mp-1199113,NaTbP2H2CO7,N/A,3.619048332172801,0.2,1.5
mp-1199285,ErH2C2SNO9,N/A,3.163135842477569,0.2,1.5
mp-1199480,KTbH2C2SO9,N/A,3.395164669192137,0.2,1.5
mp-1200033,GdH2C2SNO9,N/A,2.959321979031817,0.2,1.5
mp-1201229,SiH2CS(OF)3,N/A,1.664884848809498,0.2,1.5
mp-1202043,CeH2C2SNO9,N/A,2.947789498,0.2,1.5
mp-1202938,NaGdP2H2CO7,N/A,3.557796136216075,0.2,1.5
mp-1203992,TbH2C2SNO9,N/A,3.022523144952071,0.2,1.5
mp-1204475,RbCu2H2C3N3O,N/A,2.582156819555139,0.2,1.5
mp-1204537,NaDyP2H2CO7,N/A,3.682402363,0.2,1.5
mp-1212205,KCoH2CN4O7,N/A,1.697953648,0.2,1.5
mp-1212322,KGdH2C2SO9,N/A,3.2964893939986952,0.2,1.5
mp-1212621,H2C3NClOF4,N/A,1.716318086087989,0.2,1.5
mp-1238260,CsMoH2C2SO7,N/A,2.625191383604854,0.2,1.5
mp-601228,NaH2CSO4F3,N/A,1.637222889497823,0.2,1.5
mp-605166,KDyH2C2SO9,N/A,3.406176998094318,0.2,1.5
mp-699253,K2H2C3S2O7F6,N/A,2.266462795783919,0.2,1.5
mp-774223,K2H2OsCCl5O2,N/A,2.950050718223235,0.2,1.5
mp-1229322,BaCoH2C3ClO8,N/A,2.907074089724201,0.2,1.5
mp-723065,H2C2S3N2(OF)6,N/A,2.178698203163776,0.2,1.5
mp-735584,Rb2FeH2C5(N3O)2,N/A,2.180635522809504,0.2,1.5
mp-1196083,KH2AuC4N4O,N/A,2.652473798905727,0.2,1.5
mp-1196706,SbH2CS(OF3)3,N/A,2.52778196,0.2,1.5
mp-1212169,K2CdH2C8(N3O4)2,N/A,2.161306315903833,0.2,1.5
mp-1221113,NaLuP2H2CO7,N/A,3.482275513538197,0.2,1.5
mp-707443,Na7AlH2C4(O3F)4,N/A,2.459876434688916,0.2,1.5
mp-690844,FeH2C4N4Cl6O,N/A,1.552285551381324,0.2,1.5
mp-1200387,NaFePH2(CO3)2,N/A,2.704035018155348,0.2,1.5
mp-1202889,NaZnPH2(CO3)2,N/A,2.890600840657674,0.2,1.5
mp-601202,NaH2CSO4F3,N/A,1.986246026987415,0.2,1.5
mp-720719,Ca2Y2Si4H2CO16,N/A,3.285598320820513,0.2,1.5
mp-722245,K2H2C2S2N2O,N/A,1.697385859429542,0.2,1.5
mp-690847,AsH2C2NCl2O,N/A,1.9205051469856742,0.2,1.5
mp-1198212,CsMo2H2C7S7(OF)21,N/A,2.147192803801426,0.2,1.5
mp-554761,BaH2C4S4N2(O3F4)3,N/A,2.371106521409843,0.2,1.5
mp-711343,H2RuC8S3N(ClO)3,N/A,1.378981920296889,0.2,1.5
mp-1212142,KCu2H2C2BrN2O,N/A,2.693463175447475,0.2,1.5
mp-643643,BaH2CSNClO,N/A,2.838334894667104,0.2,1.5
mp-698252,KV2H2C8N2(OF)5,N/A,1.6949453055002972,0.2,1.5
mp-1181214,H3CO3,N/A,1.609395246728368,0.2,1.5
mp-1181349,H3CO3,N/A,1.513729896868655,0.2,1.5
mp-1194227,H3CO3,N/A,1.650628128792302,0.2,1.5
mp-1102469,LiH3C2O5,N/A,1.7131523657069012,0.2,1.5
mp-1202487,InH3C2O5,N/A,2.811823643216115,0.2,1.5
mp-1194779,CuH3C3O4,N/A,2.343603884239161,0.2,1.5
mp-1199075,H3CSO3,N/A,1.474984955240188,0.2,1.5
mp-1208136,VH3(C2O3)2,N/A,1.9087596733477632,0.2,1.5
mp-23755,BaH3C3O7,N/A,2.707803494799491,0.2,1.5
mp-557528,ScH3(CO2)3,N/A,1.8396239197468032,0.2,1.5
mp-736390,SrH3C3O7,N/A,2.518272446762276,0.2,1.5
mp-1212532,H3CN4O,N/A,1.296093185898656,0.2,1.5
mp-23664,YH3(CO2)3,N/A,2.9241248995843963,0.2,1.5
mp-23771,SmH3(CO2)3,N/A,3.570678591608989,0.2,1.5
mp-23837,NdH3(CO2)3,N/A,3.403843496637723,0.2,1.5
mp-642729,LaH3(CO2)3,N/A,3.205350586,0.2,1.5
mp-642731,CeH3(CO2)3,N/A,3.303728342902079,0.2,1.5
mp-642991,TbH3(CO2)3,N/A,3.862911040503355,0.2,1.5
mp-642999,TmH3(CO2)3,N/A,4.129539518007773,0.2,1.5
mp-1193413,ScH3(CO2)3,N/A,1.753157754809576,0.2,1.5
mp-1200352,InH3(CO2)3,N/A,2.484662176,0.2,1.5
mp-1203534,H3CN5O4,N/A,1.624689630509118,0.2,1.5
mp-726434,Mo2H3(CO2)4,N/A,2.4326039045730923,0.2,1.5
mp-1191449,UH3CO6,N/A,4.204422780607141,0.2,1.5
mp-1207864,VH3CO5,N/A,2.406082514576796,0.2,1.5
mp-643365,KH3C2O3,N/A,1.7455763153051231,0.2,1.5
mp-696174,NaH3C2O5,N/A,1.894587673007782,0.2,1.5
mp-730460,Na5H3(CO3)4,N/A,2.402627586021559,0.2,1.5
mp-738668,NaH3(CO2)2,N/A,1.5455939382403492,0.2,1.5
mp-556503,LiH3CO3,N/A,1.437909728,0.2,1.5
mp-1224588,H3CNO2,N/A,1.539731246226776,0.2,1.5
mp-1001112,Na2H3CO6,N/A,2.080481758677208,0.2,1.5
mp-1198088,KH3CO6,N/A,1.854473524823891,0.2,1.5
mp-23682,KH3(CO2)2,N/A,1.6687915122440362,0.2,1.5
mp-23688,RbH3(CO2)2,N/A,2.054684536753082,0.2,1.5
mp-1192496,H3CO2F,N/A,1.375238397872259,0.2,1.5
mp-1204987,TiH3CO5,N/A,2.294788053037147,0.2,1.5
mp-1193570,NaH3C4O5,N/A,1.672340891968477,0.2,1.5
mp-1222511,MnH3C5NO6,N/A,1.8254474054420382,0.2,1.5
mp-1191702,K2H3CO4F,N/A,1.994453507364134,0.2,1.5
mp-605374,CsU2H3(C2O7)2,N/A,4.007215355455374,0.2,1.5
mp-1196577,LiH3CN2O,N/A,1.340309727326137,0.2,1.5
mp-1202931,NaH3CN2O,N/A,1.614359887951521,0.2,1.5
mp-1211072,MnH3C2N9O,N/A,2.147260870184118,0.2,1.5
mp-1212653,K3FeH3(CO2)6,N/A,1.795568365554772,0.2,1.5
mp-24357,H3CSO4F3,N/A,1.873364146719573,0.2,1.5
mp-605052,PH3W(CO)5,N/A,2.448243698207755,0.2,1.5
mp-644221,H3CSClO,N/A,1.587055997819976,0.2,1.5
mp-707364,AgH3CN3O4,N/A,2.6651764305711962,0.2,1.5
mp-707931,H3Os4C12ClO12,N/A,3.560355015551756,0.2,1.5
mp-708066,Sb6H3CCl13O10,N/A,3.118627005122769,0.2,1.5
mp-559039,PH3PbCO3,N/A,3.473046859505793,0.2,1.5
mp-1192422,KMnH3(CO2)3,N/A,2.034374111587193,0.2,1.5
mp-1198041,H3Os4C12IO12,N/A,3.561592991042423,0.2,1.5
mp-738615,HgH3CSO3,N/A,4.012729819890489,0.2,1.5
mp-973926,KCoH3(CO2)3,N/A,2.310036127402864,0.2,1.5
mp-1193315,KCoH3(CO2)3,N/A,2.028844087299779,0.2,1.5
mp-1194650,CsH3CN2O,N/A,2.8882108305165453,0.2,1.5
mp-1195148,NaMnH3(CO2)3,N/A,1.688173593150873,0.2,1.5
mp-1191468,NpPH3CO5,N/A,3.816951287145706,0.2,1.5
mp-1203046,H3C6SeO3F5,N/A,2.044383958,0.2,1.5
mp-1203823,ReH3CSO6,N/A,3.424942920385541,0.2,1.5
mp-1210937,MgCrH3(CO3)2,N/A,1.809880967008246,0.2,1.5
mp-1212328,K4Re2H3(C4O9)2,N/A,2.730440288651219,0.2,1.5
mp-1212587,H3C8N2Cl3O2,N/A,1.3834900815132531,0.2,1.5
mp-1212774,FePH3CO7,N/A,2.534765838526761,0.2,1.5
mp-555919,KH3C2S2O,N/A,1.560544506752054,0.2,1.5
mp-707319,BiH3Ru3(CO)9,N/A,2.915590632691399,0.2,1.5
mp-731160,H3Ru3Rh(CO)12,N/A,2.487160319920828,0.2,1.5
mp-1204708,CoPH3CO4,N/A,2.344957285875638,0.2,1.5
mp-604229,ZnH3CNO3,N/A,2.5352068124848133,0.2,1.5
mp-722315,ZnH3CNO3,N/A,2.300652359419753,0.2,1.5
mp-1203255,UPH3(CO5)2,N/A,3.115144028750026,0.2,1.5
mp-1221138,NaCoH3(CO2)3,N/A,1.899701963138194,0.2,1.5
mp-690653,NaH3CN4O,N/A,1.6649478632990982,0.2,1.5
mp-557366,NaCdH3(CO2)3,N/A,2.591129307017959,0.2,1.5
mp-1195275,RbH3CN2O,N/A,2.394347016226593,0.2,1.5
mp-1197870,AsH3C(OF3)2,N/A,2.321283305257237,0.2,1.5
mp-1204164,KH3CN2O,N/A,1.722967179312951,0.2,1.5
mp-1238590,AsH3C(OF3)2,N/A,2.395873256414547,0.2,1.5
mp-556951,CuH3C2NO4,N/A,2.374687763737318,0.2,1.5
mp-1193294,SiH3CNO,N/A,0.873778011,0.2,1.5
mp-1194496,GeH3CNO,N/A,1.417239670554313,0.2,1.5
mp-707771,H3Ru3C10ClO9,N/A,2.333858828603086,0.2,1.5
mp-1196054,LaH3CSO7,N/A,3.259421550049888,0.2,1.5
mp-1197612,NdH3CSO7,N/A,3.395312065308184,0.2,1.5
mp-1202097,PrH3CSO7,N/A,3.337388351168328,0.2,1.5
mp-1202815,EuH3CSO7,N/A,3.414502115745159,0.2,1.5
mp-1205073,CeH3CSO7,N/A,3.304998052080438,0.2,1.5
mp-1200235,CeH3CSO7,N/A,3.325682557,0.2,1.5
mp-1202500,NdH3CSO7,N/A,3.421030488716578,0.2,1.5
mp-1202833,PrH3CSO7,N/A,3.343122593352239,0.2,1.5
mp-1203848,LaH3CSO7,N/A,3.265993475545236,0.2,1.5
mp-1220790,NiH3C5NO6,N/A,1.973326274376159,0.2,1.5
mp-1238486,MnH3C5NO6,N/A,1.828343585069598,0.2,1.5
mp-698527,SbH3C2(O2F3)2,N/A,2.818030186095501,0.2,1.5
mp-1199835,CsFeP2H3CO10,N/A,2.901093578698493,0.2,1.5
mp-1212156,KH3CSN2O,N/A,1.371370725808641,0.2,1.5
mp-561214,SbH3CSCl6O,N/A,2.096473922667451,0.2,1.5
mp-696990,NaPH3C2N3O4,N/A,1.866036105225707,0.2,1.5
mp-765959,NaPH3C2N3O4,N/A,2.078323588995445,0.2,1.5
mp-1195326,H3CSNOF2,N/A,1.367158829,0.2,1.5
mp-709432,NaH3C4S4(OF)12,N/A,1.824142900598571,0.2,1.5
mp-1105350,H3CSNOF2,N/A,1.252109536004238,0.2,1.5
mp-697077,AsH3CNOF9,N/A,2.5054925638941983,0.2,1.5
mp-1199010,ZnP2H3C4NO8,N/A,1.7885745026331341,0.2,1.5
mp-558736,H3CSN(ClO)2,N/A,1.749549815362677,0.2,1.5
mp-1219693,Sb2H3C3SCl6O5F3,N/A,2.238798796320685,0.2,1.5
mp-995220,H4C2O,N/A,1.110574698402985,0.2,1.5
mp-30184,H4C7O,N/A,1.297607193,0.2,1.5
mp-995218,H4C5O2,N/A,1.425443302074383,0.2,1.5
mp-995204,H4C6O,N/A,1.382147785267415,0.2,1.5
mp-995219,H4C2O,N/A,1.095856282302502,0.2,1.5
mp-23778,H4CN2O,N/A,1.390817235494239,0.2,1.5
mp-976707,H4CN2O,N/A,1.126830303,0.2,1.5
mp-1189886,H4C2NO2,N/A,1.380248841020904,0.2,1.5
mp-557825,H4CN2O,N/A,1.321536272088758,0.2,1.5
mp-1194668,MgH4(CO)4,N/A,1.5638124197712582,0.2,1.5
mp-1201465,H4CN4O3,N/A,1.605415173475426,0.2,1.5
mp-1203674,CdH4(C2O3)2,N/A,2.673778902344253,0.2,1.5
mp-1209104,SmH4(C3O4)2,N/A,2.815830713228454,0.2,1.5
mp-1212607,H4C(N3O)2,N/A,1.447426265212597,0.2,1.5
mp-555646,BaH4(CO3)2,N/A,2.960264602462929,0.2,1.5
mp-697339,Ho2H4CO7,N/A,5.206588913912065,0.2,1.5
mp-723248,Re5H4(CO)20,N/A,2.382336897,0.2,1.5
mp-1182013,CdH4(C2O3)2,N/A,2.080242351741235,0.2,1.5
mp-1180198,MnH4(CO3)2,N/A,2.193385618899673,0.2,1.5
mp-1197308,UH4(C2O5)2,N/A,3.429337295523844,0.2,1.5
mp-1202150,ThH4(C2O5)2,N/A,3.241586070083646,0.2,1.5
mp-1211095,MnH4(C2O3)2,N/A,1.7220863715515362,0.2,1.5
mp-23821,MnH4(CO3)2,N/A,2.137504280141646,0.2,1.5
mp-24296,CoH4(CO3)2,N/A,2.2940661460477942,0.2,1.5
mp-24714,ZnH4(CO3)2,N/A,2.403585452155456,0.2,1.5
mp-698316,FeH4(CO3)2,N/A,2.1958221437339462,0.2,1.5
mp-698317,NdH4C3O8,N/A,2.905391462,0.2,1.5
mp-1194642,FeH4C3O8,N/A,2.1283122512680652,0.2,1.5
mp-1212551,H4CN4O,N/A,1.421374595967471,0.2,1.5
mp-1237215,H4CN4O,N/A,1.579290944615525,0.2,1.5
mp-707535,H4C(N2O)2,N/A,1.542839997825849,0.2,1.5
mp-723031,H4Os3C10O9,N/A,3.551343040529651,0.2,1.5
mp-1192779,Cu2H4CO5,N/A,3.189429922538797,0.2,1.5
mp-1212807,H4CN5O,N/A,1.3884602732735971,0.2,1.5
mp-1181584,H4C(N2O)2,N/A,1.758011794866293,0.2,1.5
mp-1204989,H4C(N2O)2,N/A,1.411027751428938,0.2,1.5
mp-601182,VH4(CO3)2,N/A,2.108210160868504,0.2,1.5
mp-600174,H4Pb(CO3)2,N/A,3.671151221,0.2,1.5
mp-863420,Rb4H4C3O10,N/A,2.893695364791977,0.2,1.5
mp-1212577,H4C(N2O)4,N/A,1.593502010263734,0.2,1.5
mp-559328,FeH4C3O5,N/A,2.005881554594491,0.2,1.5
mp-698325,BaH4(CO2)3,N/A,2.4922832390664422,0.2,1.5
mp-1181700,H4CN2O,N/A,1.315455032465826,0.2,1.5
mp-720526,H4CN2O,N/A,1.227848171498977,0.2,1.5
mp-698263,KYH4C4O9,N/A,2.360409097614805,0.2,1.5
mp-1196609,CaH4C4(SO)4,N/A,1.646282725117517,0.2,1.5
mp-1195683,Na5LuH4(C2O7)2,N/A,2.755387125154389,0.2,1.5
mp-24144,Na5ScH4(C2O7)2,N/A,2.300879629164196,0.2,1.5
mp-1106046,CrH4C4NO10,N/A,1.739889072546875,0.2,1.5
mp-1189653,KCrH4(C2O5)2,N/A,2.027492043566869,0.2,1.5
mp-752822,RbCrH4(C2O5)2,N/A,2.249548499269597,0.2,1.5
mp-1179202,SrCuH4(CO2)4,N/A,1.699810704926454,0.2,1.5
mp-1199647,MoH4C(NO2)2,N/A,2.618131398437715,0.2,1.5
mp-1205438,SrCuH4(CO2)4,N/A,2.3796609007748453,0.2,1.5
mp-23686,CaCuH4(CO2)4,N/A,2.225759353168441,0.2,1.5
mp-600520,SrCuH4(CO2)4,N/A,2.264070241087271,0.2,1.5
mp-1196938,K2Mo2H4C4O15,N/A,2.463874014885985,0.2,1.5
mp-1198038,LiPH4CO3,N/A,1.605890551616105,0.2,1.5
mp-1202607,LaH4C2SO8,N/A,3.007722820846652,0.2,1.5
mp-1207872,VH4C4O6F,N/A,2.036627552045607,0.2,1.5
mp-554482,Rb2Mo2H4C4O15,N/A,2.734080201822887,0.2,1.5
mp-557512,LaH4C4NO8,N/A,2.650979109605645,0.2,1.5
mp-632685,NaH4CNO2,N/A,1.2573115226611171,0.2,1.5
mp-706281,NaH4CNO2,N/A,1.357380809,0.2,1.5
mp-1203350,Na2CoH4(CO2)4,N/A,1.993426896737935,0.2,1.5
mp-1211718,KH4C6O3F5,N/A,1.823371490664115,0.2,1.5
mp-1226354,CoH4C4(NO3)2,N/A,1.966678063168159,0.2,1.5
mp-721301,H4CS(NO)3,N/A,1.733786992375117,0.2,1.5
mp-554515,KScH4(C2O5)2,N/A,1.8282194136278092,0.2,1.5
mp-1192992,InH4CSeO7,N/A,3.152889844267003,0.2,1.5
mp-1200008,PuP2H4CO7,N/A,4.196872529147896,0.2,1.5
mp-1200372,H4CS(NO)2,N/A,1.673187334699096,0.2,1.5
mp-1210160,NaH4C3N3O4,N/A,1.700423594844721,0.2,1.5
mp-1212320,HgH4C12O3F8,N/A,2.295194598839932,0.2,1.5
mp-1238117,HgH4C12O3F8,N/A,2.610347952603999,0.2,1.5
mp-1414227,Na2CuH4(C2O5)2,N/A,2.213483176754146,0.2,1.5
mp-555418,Rb3NbH4(C2O5)3,N/A,2.603371213467874,0.2,1.5
mp-698313,Rb2CuH4(C2O5)2,N/A,2.785949495524777,0.2,1.5
mp-698457,NaLiH4C2O5,N/A,1.586341073164181,0.2,1.5
mp-720439,H4Ru3C9N2O9,N/A,2.328703337640044,0.2,1.5
mp-722243,Na2CuH4(C2O5)2,N/A,2.213483176754146,0.2,1.5
mp-686268,Cu2H4C4N3O,N/A,2.604662517215531,0.2,1.5
mp-1195650,Na2CaH4(CO4)2,N/A,2.294716803869736,0.2,1.5
mp-1200565,PuP2H4CO7,N/A,4.140394041132041,0.2,1.5
mp-601242,K2VH4C4O9,N/A,1.9833175808806671,0.2,1.5
mp-707169,CuH4C3ClO2,N/A,1.958157330441245,0.2,1.5
mp-706973,H4CS(NO)2,N/A,1.610527733636605,0.2,1.5
mp-733443,Ca7Si6H4CO23,N/A,2.683645274965433,0.2,1.5
mp-696155,Na4P2H4CO9,N/A,2.198318420396967,0.2,1.5
mp-1217748,Te4H4Pb12C2Cl3O29,N/A,6.483285819038932,0.2,1.5
mp-1233092,MgH4C4S4(OF)12,N/A,1.699490253,0.2,1.5
mp-1233983,MgH4C4S4(OF)12,N/A,1.861365891245754,0.2,1.5
mp-1234282,MgH4C4S4(OF)12,N/A,1.891853755121271,0.2,1.5
mp-1234857,MgH4C4S4(OF)12,N/A,1.8540394881824351,0.2,1.5
mp-720082,KCd6H4C12ClO26,N/A,3.190451732743901,0.2,1.5
mp-1196277,UH4C2SeN4O7,N/A,3.126860658725969,0.2,1.5
mp-1197754,NpUP4H4(CO8)2,N/A,3.728232689909172,0.2,1.5
mp-1198593,PuUP4H4(CO8)2,N/A,3.638275045379229,0.2,1.5
mp-1200542,ThUP4H4(CO8)2,N/A,3.477334541700759,0.2,1.5
mp-1200331,MgB2H4C8(N4O)2,N/A,1.314517184184806,0.2,1.5
mp-1190848,NaH4C2I(NO)2,N/A,2.047118458894222,0.2,1.5
mp-1195950,NaLaP2H4CO7,N/A,3.110387422086674,0.2,1.5
mp-1196081,LiBH4C2(O3F)2,N/A,1.731971890271734,0.2,1.5
mp-1196380,SmAgH4C2SO10,N/A,3.718595509858007,0.2,1.5
mp-1197429,K2UH4C5(NO6)2,N/A,2.675206381534874,0.2,1.5
mp-1199131,NaEuP2H4CO7,N/A,3.332783514468961,0.2,1.5
mp-1199292,KBH4C4(N2O)4,N/A,1.474898664327394,0.2,1.5
mp-1199704,NaPrP2H4CO7,N/A,3.159447023850436,0.2,1.5
mp-1203390,NaSmP2H4CO7,N/A,3.448720044414145,0.2,1.5
mp-1203484,NaH4CS2N3O2,N/A,1.6258168423629842,0.2,1.5
mp-561270,SnH4C2NO4F,N/A,2.593945426851239,0.2,1.5
mp-721712,NaH4CSNO2,N/A,1.5236260972470501,0.2,1.5
mp-1200245,HgH4C2S2(O4F3)2,N/A,2.748243468258421,0.2,1.5
mp-697033,CdH4CN2Cl2O,N/A,2.607236628444482,0.2,1.5
mp-698396,CuH4C2NCl3O,N/A,1.965381310913026,0.2,1.5
mp-562114,V2CoH4C4(NO3)2,N/A,2.383218614928194,0.2,1.5
mp-540591,Na2FeH4C5(N2O)3,N/A,1.716282544421599,0.2,1.5
mp-695945,Na2H4RuC5(N2O)3,N/A,1.868107558946953,0.2,1.5
mp-1198870,CdH4CS2(NO3)2,N/A,2.502301497400119,0.2,1.5
mp-1203010,LiH4CSNO2,N/A,1.372901939420729,0.2,1.5
mp-1203898,CuH4C2S2(NO)2,N/A,1.8988565966547202,0.2,1.5
mp-735597,K4H4WC8(N4O)2,N/A,2.171729715129002,0.2,1.5
mp-1201407,V4CoH4C4(NO5)2,N/A,2.7844863139742433,0.2,1.5
mp-1198363,K2UH4C4SNO10,N/A,2.776535464567034,0.2,1.5
mp-1200735,K2HgH4PtC6(N3O)2,N/A,2.729271439170499,0.2,1.5
mp-696056,K2H4PtC6S6(N3O)2,N/A,2.303503810589184,0.2,1.5
mp-698312,K4H4PtC6S2(NO6)2,N/A,2.36068519,0.2,1.5
mp-706285,Na2H4PtC4Br2(N2O)2,N/A,2.9862504406672072,0.2,1.5
mp-1201374,Cs2CaAg2H4C6S6(N3O)2,N/A,2.286724010169966,0.2,1.5
mp-2647151,H5C56O,N/A,0.5214494081320601,0.2,1.5
mp-1197026,H5CN5O6,N/A,1.763003435815529,0.2,1.5
mp-1197497,H5CN5O6,N/A,1.713980128237478,0.2,1.5
mp-1204941,PH5CO3,N/A,1.445539091655491,0.2,1.5
mp-1212560,H5CN7O2,N/A,1.5665065807961152,0.2,1.5
mp-1213515,H5CN9O4,N/A,1.6721218010382461,0.2,1.5
mp-24232,H5CN3O4,N/A,1.541677394209756,0.2,1.5
mp-559535,H5C2ClO,N/A,1.233618161633396,0.2,1.5
mp-601210,H5C2NO4,N/A,1.5423636143302462,0.2,1.5
mp-707289,H5C8NO2,N/A,1.419285109520401,0.2,1.5
mp-774616,H5C3N5O,N/A,1.523732304266261,0.2,1.5
mp-23852,Na3H5(CO4)2,N/A,2.063559852115407,0.2,1.5
mp-738670,H5C2NO3,N/A,1.3834100051358211,0.2,1.5
mp-697242,H5C2NO,N/A,1.090982080859609,0.2,1.5
mp-555083,Na3H5(CO2)4,N/A,1.736185891217168,0.2,1.5
mp-1191547,NaH5CO4,N/A,1.5673207197010361,0.2,1.5
mp-1221305,Na3H5(CO4)2,N/A,2.014989139074839,0.2,1.5
mp-560121,H5CNO3,N/A,1.5135257019984252,0.2,1.5
mp-708984,NaH5CO4,N/A,1.493970637488138,0.2,1.5
mp-555229,H5CNO2,N/A,1.237594683586001,0.2,1.5
mp-1212522,H5C2(NO)3,N/A,1.635364191991978,0.2,1.5
mp-1229009,As2H5CO6,N/A,2.359422669265313,0.2,1.5
mp-1278612,FePH5CO4,N/A,2.202438666140807,0.2,1.5
mp-554037,KU2H5C4O15,N/A,3.563207547848926,0.2,1.5
mp-557908,AsH5COF6,N/A,2.344454029166519,0.2,1.5
mp-605406,RbU2H5C4O15,N/A,3.736371120028061,0.2,1.5
mp-1181304,H5CSO5F3,N/A,1.481044430285575,0.2,1.5
mp-1182417,FePH5CO8,N/A,1.859075643,0.2,1.5
mp-1182614,FePH5CO8,N/A,1.782312017046349,0.2,1.5
mp-1182735,FePH5CO8,N/A,2.083973118869052,0.2,1.5
mp-1197342,AsH5C2(OF3)2,N/A,2.119675442,0.2,1.5
mp-1200873,NaP2H5CO6,N/A,1.921098953922794,0.2,1.5
mp-1202589,ZnH5C9N4O5,N/A,1.848287107478169,0.2,1.5
mp-1203607,CuH5C3NO4,N/A,1.9627588889668561,0.2,1.5
mp-1211082,Na2CrH5C4O11,N/A,1.977012356998062,0.2,1.5
mp-1237189,FePH5CO8,N/A,2.381405388411447,0.2,1.5
mp-555110,AsH5C2(OF3)2,N/A,2.173577354802669,0.2,1.5
mp-655003,FePH5CO8,N/A,1.909682556479373,0.2,1.5
mp-656859,FePH5CO8,N/A,1.746875959044171,0.2,1.5
mp-706514,H5CSO5F3,N/A,1.737886384288903,0.2,1.5
mp-1213385,Cu2H5C3N3O5,N/A,2.464072061517591,0.2,1.5
mp-698494,K2BiH5(CO2)5,N/A,2.837703744958337,0.2,1.5
mp-1232363,CuH5C6SO,N/A,2.008725501856052,0.2,1.5
mp-1209891,PH5CN2O3,N/A,1.689641317049427,0.2,1.5
mp-1212323,K3UH5C5O12,N/A,2.251073581019654,0.2,1.5
mp-555094,PrPH5CO7,N/A,2.831440804008615,0.2,1.5
mp-555522,EuPH5CO7,N/A,2.975940848,0.2,1.5
mp-556305,NdPH5CO7,N/A,2.894635438917828,0.2,1.5
mp-556657,GdPH5CO7,N/A,3.150215650937273,0.2,1.5
mp-557828,HoPH5CO7,N/A,3.361056985163213,0.2,1.5
mp-558204,ErPH5CO7,N/A,3.414496316803273,0.2,1.5
mp-601268,FePH5CO4,N/A,2.190804357,0.2,1.5
mp-725508,MnPH5CO4,N/A,2.155404104642611,0.2,1.5
mp-706227,BH5C4(N2O)2,N/A,1.257394939178108,0.2,1.5
mp-1273841,FePH5CO4,N/A,2.193418590893582,0.2,1.5
mp-1203680,KH5C3N2O5,N/A,1.622563673597936,0.2,1.5
mp-604583,RbH5C7SO5,N/A,1.925443774576598,0.2,1.5
mp-1204626,NaU2H5C4O15,N/A,3.434939553674379,0.2,1.5
mp-505771,K2NaH5(CO4)2,N/A,1.958202146355207,0.2,1.5
mp-505772,Rb2NaH5(CO4)2,N/A,2.443998189620822,0.2,1.5
mp-728420,Mo2H5C5N3O14,N/A,1.998370912435005,0.2,1.5
mp-1274499,FePH5CO4,N/A,2.187426292999387,0.2,1.5
mp-1284492,FePH5CO4,N/A,2.187727501972042,0.2,1.5
mp-1203028,GaAsH5CNO5,N/A,3.031516592504477,0.2,1.5
mp-766204,ZnPH5C2N4O3,N/A,2.016624157340493,0.2,1.5
mp-766230,Rb2NaZn2H5(C2O7)2,N/A,3.230105714155782,0.2,1.5
mp-766427,K2NaZn2H5(C2O7)2,N/A,2.7246214825261923,0.2,1.5
mp-1190433,CoH5CN(ClO)2,N/A,2.106351241306773,0.2,1.5
mp-1190493,NiH5CN(ClO)2,N/A,2.164916083783503,0.2,1.5
mp-1190513,FeH5CN(ClO)2,N/A,2.032426381119129,0.2,1.5
mp-766269,ZnPH5C2N4O3,N/A,2.007243211953977,0.2,1.5
mp-1197686,GaGe2H5CNO6,N/A,3.170207335,0.2,1.5
mp-1386711,GaGe2H5CNO6,N/A,3.170206991742898,0.2,1.5
mp-707816,H5CSN2ClO4,N/A,1.5324170199759282,0.2,1.5
mp-604071,K2FePH5(CO5)2,N/A,2.387517566,0.2,1.5
mp-723020,Al2Si2H5C2NO10,N/A,2.049555124840602,0.2,1.5
mp-1202925,Sb2H5C3SCl6O5F3,N/A,2.230138996156349,0.2,1.5
mp-1199092,ZnPH5CNClO3,N/A,2.2899728348680632,0.2,1.5
mp-1195334,K2CrH5C4S4N4O3,N/A,1.678937048317298,0.2,1.5
mp-541083,KPH5C2S2(NO)3,N/A,1.729878083269496,0.2,1.5
mp-696989,NaPH5C2SN3O4,N/A,1.789258113,0.2,1.5
mp-722316,KPH5C2SN3O4,N/A,1.777790161340739,0.2,1.5
mp-1198011,CdH6C2O7,N/A,2.591836492168299,0.2,1.5
mp-997581,H6C6NO,N/A,0.1214688,0.2,1.5
mp-1212645,H6CN8O5,N/A,1.312267988884814,0.2,1.5
mp-758948,Cs2H6CO6,N/A,3.106413172843629,0.2,1.5
mp-1195478,NiH6(CO3)2,N/A,2.350218812556446,0.2,1.5
mp-1196066,CoH6(CO3)2,N/A,2.288813847898204,0.2,1.5
mp-1196435,H6C2(NO)3,N/A,1.513550590974172,0.2,1.5
mp-1196452,H6C(NO)4,N/A,1.551448037830662,0.2,1.5
mp-1199004,In2H6C5O11,N/A,2.5794662681754312,0.2,1.5
mp-1199041,MgH6CO6,N/A,1.780423933912148,0.2,1.5
mp-1201462,H6AuC3O2,N/A,3.039965456099053,0.2,1.5
mp-1202276,LaH6CO7,N/A,2.4714419985812413,0.2,1.5
mp-1203544,H6C3(NO)2,N/A,1.205277437063241,0.2,1.5
mp-1208198,UH6C2O9,N/A,2.943902261270678,0.2,1.5
mp-1209824,PrH6(CO3)3,N/A,2.5502622670049373,0.2,1.5
mp-24207,H6CN4O,N/A,1.476970429225062,0.2,1.5
mp-24313,ZnH6(CO3)2,N/A,2.143173807552966,0.2,1.5
mp-24475,NiH6(CO3)2,N/A,2.147017633230827,0.2,1.5
mp-24476,MnH6(CO3)2,N/A,1.901626519155359,0.2,1.5
mp-24749,CdH6(CO3)2,N/A,2.504699655967618,0.2,1.5
mp-510524,FeH6(CO3)2,N/A,1.987721064861538,0.2,1.5
mp-542742,CoH6(CO3)2,N/A,2.095071555221573,0.2,1.5
mp-542785,MgH6(CO3)2,N/A,1.696656242142109,0.2,1.5
mp-600220,InH6(CO3)3,N/A,2.5362628008460772,0.2,1.5
mp-758097,H6C2N4O,N/A,1.371888888589909,0.2,1.5
mp-1192689,H6C2SO4,N/A,1.213509001894892,0.2,1.5
mp-1202302,BaH6(C2O5)2,N/A,2.580844845055379,0.2,1.5
mp-1212539,H6C(N3O)2,N/A,1.558841285098206,0.2,1.5
mp-542043,K4H6C2O9,N/A,2.102669071885954,0.2,1.5
mp-542063,Rb4H6C2O9,N/A,2.953724526303609,0.2,1.5
mp-690824,SrH6C4O7,N/A,2.220105197548022,0.2,1.5
mp-699317,Na2H6C4O7,N/A,1.804437703371456,0.2,1.5
mp-721707,H6C3N4O3,N/A,1.673386062081261,0.2,1.5
mp-1179412,SrH6(CO3)2,N/A,1.9825017995710241,0.2,1.5
mp-1237207,SrH6(CO3)2,N/A,2.158155828212825,0.2,1.5
mp-601265,SrH6(CO3)2,N/A,1.949766445265916,0.2,1.5
mp-655027,SrH6(CO3)2,N/A,2.021232285599548,0.2,1.5
mp-1189850,H6C2SeO,N/A,1.6879812796843652,0.2,1.5
mp-1195133,CaH6(C2O3)2,N/A,1.8838241705157062,0.2,1.5
mp-1198360,NdH6(CO3)3,N/A,2.703713616,0.2,1.5
mp-1202552,As4H6(CO)3,N/A,2.556215283903299,0.2,1.5
mp-1209664,PrH6(CO3)3,N/A,2.605964314261348,0.2,1.5
mp-559469,CaH6C2O7,N/A,1.828283134074853,0.2,1.5
mp-707543,H6C(N3O2)2,N/A,1.5924772269858392,0.2,1.5
mp-723120,BaH6C4O7,N/A,2.5562722495241053,0.2,1.5
mp-1194260,As2H6CO6,N/A,2.395186908964923,0.2,1.5
mp-1193557,H6C2SO4,N/A,1.140353715344802,0.2,1.5
mp-1200865,CuH6C2O7,N/A,2.088147172,0.2,1.5
mp-601178,H6C2NO,N/A,1.156746535754923,0.2,1.5
mp-696658,H6CN2O3,N/A,1.478008216685283,0.2,1.5
mp-1182715,CuH6(CO2)4,N/A,1.882521706352105,0.2,1.5
mp-1212999,H6C(NO)2,N/A,1.299514447027944,0.2,1.5
mp-556127,MgH6(CO3)2,N/A,1.768096964141397,0.2,1.5
mp-600167,CuH6(CO2)4,N/A,1.923122908823124,0.2,1.5
mp-557263,H6CN2O3,N/A,1.343464965596941,0.2,1.5
mp-1203136,H6CN6O5,N/A,1.464613258211904,0.2,1.5
mp-1203058,H6C(NO)2,N/A,1.372394397086705,0.2,1.5
mp-643099,H6CN4O3,N/A,1.036532107401177,0.2,1.5
mp-1217885,U12Cd4H6C4O51,N/A,5.856364045947322,0.2,1.5
mp-1214366,CaH6C6(ClO4)2,N/A,1.734606878947341,0.2,1.5
mp-1214678,CaH6C6(BrO4)2,N/A,2.201962895812861,0.2,1.5
mp-559223,GdH6C4NO9,N/A,2.627263069417598,0.2,1.5
mp-698351,AgH6C4(NO)2,N/A,2.5813264653124293,0.2,1.5
mp-1016212,Sn3H6CNO7,N/A,3.535217442558998,0.2,1.5
mp-1195319,H6C3S(NO)2,N/A,1.139873197289627,0.2,1.5
mp-1196255,GdH6C2ClO7,N/A,2.865387047280744,0.2,1.5
mp-1196853,UH6C2(SO4)2,N/A,3.015946531583199,0.2,1.5
mp-1197145,HgH6C4(N2O)2,N/A,2.822401581195055,0.2,1.5
mp-1197675,H6PdC2(SO3)2,N/A,2.348548499260252,0.2,1.5
mp-1199114,PuP2H6CO8,N/A,3.954231148130623,0.2,1.5
mp-1201146,H6CSN2O,N/A,1.329246100157004,0.2,1.5
mp-1202628,VH6C2S2O7,N/A,1.912675751034313,0.2,1.5
mp-1202721,AgH6C2N5O4,N/A,2.274215787956922,0.2,1.5
mp-1204276,Zn3H6C6(IO6)2,N/A,2.664071016067087,0.2,1.5
mp-1204667,PuP2H6(CO3)2,N/A,3.506931217886595,0.2,1.5
mp-1214846,BaH6C2N4O5,N/A,2.502714221107208,0.2,1.5
mp-24228,Na2CuH6C2O9,N/A,2.387440683277595,0.2,1.5
mp-24362,CuH6CN2O3,N/A,2.152574339896397,0.2,1.5
mp-554756,PH6CNO3,N/A,1.590525387138364,0.2,1.5
mp-600200,V3H6CNO7,N/A,2.323012127099037,0.2,1.5
mp-697660,Cu2H6C3N4O,N/A,2.060416784336556,0.2,1.5
mp-707478,H6Os5Pt(CO)16,N/A,3.655814009517757,0.2,1.5
mp-720384,CaH6C2(NO)4,N/A,1.8056699167505732,0.2,1.5
mp-720469,H6Os5Pt2(CO)17,N/A,3.890837294886697,0.2,1.5
mp-1194435,NiH6C2(NO2)2,N/A,1.911941492441303,0.2,1.5
mp-1201323,KNdH6C4O11,N/A,2.413738864763634,0.2,1.5
mp-1212569,H6C2SN3O2,N/A,1.4680711686488022,0.2,1.5
mp-698349,CdH6C4(S2O)2,N/A,2.288994532301103,0.2,1.5
mp-709019,Ca2CuH6(CO2)6,N/A,2.114174023,0.2,1.5
mp-866783,FeH6C2(NO2)2,N/A,1.659446248442026,0.2,1.5
mp-1212516,H6CS(NO)3,N/A,1.415085329760256,0.2,1.5
mp-23909,H6CN3ClO,N/A,1.507857640810991,0.2,1.5
mp-1193987,VH6C2ClO3,N/A,1.568198407720657,0.2,1.5
mp-1195902,H6PbC2S2O7,N/A,3.014472232814927,0.2,1.5
mp-1196856,H6AuC3NO,N/A,3.141420908226374,0.2,1.5
mp-1197521,H6PbC10N8O7,N/A,2.401858958859377,0.2,1.5
mp-1215054,CaH6W3(CO2)2,N/A,4.471513355242906,0.2,1.5
mp-554058,K3NdH6(C2O5)3,N/A,2.404733802860592,0.2,1.5
mp-698305,K3VH6C4O13,N/A,2.083412886395785,0.2,1.5
mp-722674,K4Tc2H6C8O21,N/A,2.238386712063779,0.2,1.5
mp-738657,K3GdH6(C2O5)3,N/A,2.495400604019152,0.2,1.5
mp-974606,ReH6CN3O4,N/A,3.1597323412748572,0.2,1.5
mp-1203553,UP2H6CO10,N/A,3.295306294202113,0.2,1.5
mp-1247806,VH6CNO3,N/A,1.7129537445435332,0.2,1.5
mp-734150,Na3YH6(CO4)3,N/A,2.604775328630286,0.2,1.5
mp-1229091,Fe2P2H6C2O13,N/A,2.179883387785353,0.2,1.5
mp-1238703,Fe2P2H6C2O13,N/A,2.070688213939096,0.2,1.5
mp-558939,Na3MoH6(CO2)6,N/A,2.106164234335157,0.2,1.5
mp-1200973,H6CNClO,N/A,1.2714973169855321,0.2,1.5
mp-1213638,H6C8I3NO5,N/A,2.522843100698932,0.2,1.5
mp-542745,PH6CNO3,N/A,1.703601999027684,0.2,1.5
mp-1199536,SnMoH6(CO2)2,N/A,2.717982283,0.2,1.5
mp-1208735,SrAl2H6C2O11,N/A,2.754958080465276,0.2,1.5
mp-706627,ZnH6C2(NO)4,N/A,2.288540476,0.2,1.5
mp-1197334,V2H6C8N2O13,N/A,1.283375896618443,0.2,1.5
mp-698301,ZnH6C2(SO3)2,N/A,2.219259352358732,0.2,1.5
mp-1194589,GeH6C2(SO3)2,N/A,2.046185574937891,0.2,1.5
mp-697563,Ca4MgB4H6(CO9)2,N/A,2.623205530026553,0.2,1.5
mp-707729,BaH6C2S2N2O3,N/A,2.097008849401939,0.2,1.5
mp-1197598,YH6C2SNO9,N/A,2.5583810304334422,0.2,1.5
mp-1199356,LaH6C2SNO9,N/A,2.713032988705643,0.2,1.5
mp-1199675,FePH6C2SO7,N/A,2.041806390864731,0.2,1.5
mp-1203517,CsH6C2S2NO4,N/A,2.081312143981894,0.2,1.5
mp-1203533,UH6C3SeN2O7,N/A,3.254028517325721,0.2,1.5
mp-1204761,HoH6C6Cl3(O3F2)3,N/A,2.232845442,0.2,1.5
mp-1204839,H6C3S3NCl3O5,N/A,1.677408636636618,0.2,1.5
mp-1205082,SmH6C2SNO9,N/A,2.9711854439214442,0.2,1.5
mp-1209405,SrH6C6S2N2O7,N/A,1.931956198,0.2,1.5
mp-1211315,NaH6C2S2N3O2,N/A,1.609440470471477,0.2,1.5
mp-24179,KH6C2S2NO4,N/A,1.797357905603235,0.2,1.5
mp-24180,RbH6C2S2NO4,N/A,2.049160645555354,0.2,1.5
mp-605047,P2H6C5N2Cl4O,N/A,1.7164364865569781,0.2,1.5
mp-605302,DyH6C6Cl3(O3F2)3,N/A,2.260194977552492,0.2,1.5
mp-605688,GdH6C6Cl3(O3F2)3,N/A,2.185009809,0.2,1.5
mp-707312,SrH6C2S2N2O3,N/A,1.857661706213702,0.2,1.5
mp-720266,Re2H6PbC(NO5)2,N/A,4.582943442,0.2,1.5
mp-721128,Ga3P3H6C2NO13,N/A,2.569957693414686,0.2,1.5
mp-774283,Re2H6PbC(NO5)2,N/A,4.359906705254607,0.2,1.5
mp-1179994,NaH6CSNO3,N/A,1.446380597689282,0.2,1.5
mp-1199991,NaH6CSNO3,N/A,1.503209711185098,0.2,1.5
mp-1197042,NaPH6C2(NO)4,N/A,1.759004130246527,0.2,1.5
mp-1197676,NaH6C4SN3O5,N/A,1.5721133313934872,0.2,1.5
mp-1197759,CuAs2H6C2IO2,N/A,2.855946356713514,0.2,1.5
mp-1198235,TlH6C3S3(O4F3)3,N/A,2.498390362466111,0.2,1.5
mp-743619,CoH6C2S2N2O3,N/A,1.860838672252064,0.2,1.5
mp-23772,TbAg3H6C6(N2O)3,N/A,3.139331855196344,0.2,1.5
mp-542688,LaH6Au3C6(N2O)3,N/A,4.141596989,0.2,1.5
mp-1104248,CdH6C2I2(NO)2,N/A,2.956734938955719,0.2,1.5
mp-1201982,K2UH6C4SeO15,N/A,2.754767661030775,0.2,1.5
mp-1202239,BaH6C2SNO5,N/A,2.248668059809156,0.2,1.5
mp-1203047,UH6C2SeN3O7,N/A,3.268358988742368,0.2,1.5
mp-1204218,Sb2H6CS(ClO)6,N/A,2.253831825196053,0.2,1.5
mp-1205285,H6CIN3(OF)2,N/A,2.127825454418152,0.2,1.5
mp-557379,P2H6C4N2Cl2O,N/A,1.595447827050827,0.2,1.5
mp-696020,CaRe2H6C(NO5)2,N/A,3.595310446696619,0.2,1.5
mp-698293,VPH6C2N3O7,N/A,2.121019328,0.2,1.5
mp-698522,Sb3P2H6C2NO9,N/A,3.116164553,0.2,1.5
mp-720849,Na2H6PtC4N4O3,N/A,2.5585377259539612,0.2,1.5
mp-728713,Na2NiH6C4N4O3,N/A,1.793006755221294,0.2,1.5
mp-766416,K2UH6C2SO13,N/A,2.931281636122627,0.2,1.5
mp-1199928,NaH6CN2ClO2,N/A,1.478371007051986,0.2,1.5
mp-1202476,Cu2H6Pb5C(SO7)3,N/A,5.4288029745054684,0.2,1.5
mp-699265,BH6Ru3C6O19F4,N/A,2.312938137616921,0.2,1.5
mp-1204973,Cd3H6C2I6(NO)2,N/A,3.883207171652372,0.2,1.5
mp-1200508,RbPH6C2(NO)4,N/A,2.199429995725919,0.2,1.5
mp-1202391,KPH6C2(NO)4,N/A,1.8960066721976832,0.2,1.5
mp-684743,GaGe5H6C4NO12,N/A,2.973003645414805,0.2,1.5
mp-977569,NaH6CN2ClO2,N/A,1.563897210208038,0.2,1.5
mp-720283,K2H6PtC4N4O3,N/A,2.561437193,0.2,1.5
mp-1203908,Ga3P3H6CNO13,N/A,2.788425317101694,0.2,1.5
mp-1214013,CrH6CN3ClO3,N/A,1.738211244268512,0.2,1.5
mp-555728,H6C3SN3O2F3,N/A,1.5416703412995072,0.2,1.5
mp-555563,PH6C2S2N(ClO2)2,N/A,1.693746919595066,0.2,1.5
mp-605461,K3UH6C5SNO13,N/A,2.557975323356009,0.2,1.5
mp-1197034,NaMnH6C3S3(NO)3,N/A,1.662510874162633,0.2,1.5
mp-696179,KNaH6PtC4N4O3,N/A,2.592528203719824,0.2,1.5
mp-696308,B3H7CO,N/A,0.7866371017533461,0.2,1.5
mp-1212710,H7C2N9O2,N/A,1.406082157248756,0.2,1.5
mp-1212918,H7C4(N3O2)3,N/A,1.611274611451126,0.2,1.5
mp-557248,H7C(NO)3,N/A,1.445300609984478,0.2,1.5
mp-1210530,Na3H7(CO3)2,N/A,1.7025887560466422,0.2,1.5
mp-733610,H7C3N3O5,N/A,1.590813024,0.2,1.5
mp-1200776,H7C2N7O6,N/A,1.465834024917482,0.2,1.5
mp-1202429,FeH7(CO2)4,N/A,2.054496486601504,0.2,1.5
mp-1237354,H7C2N7O6,N/A,1.6733544568655851,0.2,1.5
mp-698158,VH7(CO2)4,N/A,1.8797241850597142,0.2,1.5
mp-721753,CsH7(C2O5)2,N/A,2.240597614991597,0.2,1.5
mp-1212804,H7C4(N3O2)3,N/A,1.523771585848654,0.2,1.5
mp-1199577,H7C7(NO2)3,N/A,1.346126614759479,0.2,1.5
mp-1196220,TbH7C4O11,N/A,2.549009549458692,0.2,1.5
mp-554793,YH7C4O11,N/A,2.136639712781457,0.2,1.5
mp-1200356,H7CSeN3O4,N/A,1.991703101133925,0.2,1.5
mp-1202388,H7C2N4ClO5,N/A,1.7523187739566422,0.2,1.5
mp-1204011,AgH7CN8O7,N/A,2.154300974523599,0.2,1.5
mp-1207713,ZnH7C4N3O7,N/A,2.084540964313072,0.2,1.5
mp-1211657,MnH7C4N3O7,N/A,1.9215347180919662,0.2,1.5
mp-1212675,H7C2SN5O3,N/A,1.354006677540586,0.2,1.5
mp-601190,H7WC7NO5,N/A,2.220436167583043,0.2,1.5
mp-601383,H7CSeN3O4,N/A,1.479912771877753,0.2,1.5
mp-735063,H7CSN3O4,N/A,1.685396900255753,0.2,1.5
mp-863008,Fe2B3H7(CO)6,N/A,1.706914792619238,0.2,1.5
mp-1194724,MnH7C3NO6,N/A,1.669169002,0.2,1.5
mp-1195522,CoH7C3NO6,N/A,1.807830903615917,0.2,1.5
mp-1197765,MgH7C3NO6,N/A,1.505742671702441,0.2,1.5
mp-1203197,FeH7C3NO6,N/A,1.729456146,0.2,1.5
mp-1204510,ZnH7C3NO6,N/A,1.8485789918125861,0.2,1.5
mp-1195955,CuH7C3NO6,N/A,1.791358935966913,0.2,1.5
mp-1198880,ZnH7C3NO7,N/A,1.912241752811125,0.2,1.5
mp-1201597,NiH7C3NO7,N/A,2.032631310451676,0.2,1.5
mp-1201936,MgH7C3NO7,N/A,1.6069045067106602,0.2,1.5
mp-1203013,CoH7C3NO7,N/A,1.888550885619483,0.2,1.5
mp-1203596,MnH7C3NO7,N/A,1.739988013101649,0.2,1.5
mp-1202397,K3Be2H7C3O13,N/A,1.9380958970970181,0.2,1.5
mp-1205193,H7C2SNO2,N/A,1.329348276047633,0.2,1.5
mp-559733,GdH7C2SO8,N/A,3.124587920738782,0.2,1.5
mp-1195289,MnH7C3NO6,N/A,1.822220432174929,0.2,1.5
mp-1195497,CdH7C3NO6,N/A,2.284969779701669,0.2,1.5
mp-1238333,MnH7C3NO6,N/A,1.687688035778594,0.2,1.5
mp-1215839,ZnH7C3NO6,N/A,1.837949142425135,0.2,1.5
mp-1220171,NiH7C3NO6,N/A,1.827228619642367,0.2,1.5
mp-1221775,MnH7C3NO6,N/A,1.660795290488574,0.2,1.5
mp-1225140,FeH7C3NO6,N/A,1.722943002063198,0.2,1.5
mp-1226146,CoH7C3NO6,N/A,1.796013773,0.2,1.5
mp-1204121,CoH7C4(NO3)2,N/A,1.520654548333416,0.2,1.5
mp-1197067,H7C2SNO,N/A,1.008566899815536,0.2,1.5
mp-1203131,SrPH7CO6,N/A,1.960773655105025,0.2,1.5
mp-542041,PH7CN2O5,N/A,1.718159945658008,0.2,1.5
mp-1195834,La2B5H7(C2O7)2,N/A,2.7163707703143603,0.2,1.5
mp-1182659,CuH7C3SN3O4,N/A,1.469617248624889,0.2,1.5
mp-1198829,BH7C2N4OF4,N/A,1.634887187519758,0.2,1.5
mp-1199239,CuP2H7C2NO6,N/A,2.341879263285245,0.2,1.5
mp-555080,PH7CN3O3F,N/A,1.639544544518119,0.2,1.5
mp-699466,ZnPH7C2N4O5,N/A,2.302206732312624,0.2,1.5
mp-705524,CuH7C3SN3O4,N/A,1.699367942437434,0.2,1.5
mp-1201712,H7C2S2N4ClO3,N/A,1.662301949025263,0.2,1.5
mp-1192921,SnH7C2SeClO3,N/A,2.527009710963037,0.2,1.5
mp-1199360,SnH7C3NO5F,N/A,2.400716707121988,0.2,1.5
mp-1204845,H7C2SN4ClO4,N/A,1.4216427110571401,0.2,1.5
mp-1202100,Al3P3H7CNO13,N/A,2.177748196496805,0.2,1.5
mp-555128,H8C3O2,N/A,1.069373036893314,0.2,1.5
mp-542782,H8C3(NO)3,N/A,1.391182960316177,0.2,1.5
mp-559139,H8C3N2O,N/A,1.219814119691499,0.2,1.5
mp-708965,H8C3(NO)4,N/A,1.433719129144866,0.2,1.5
mp-734124,H8C2(N2O)3,N/A,1.526486718825125,0.2,1.5
mp-772431,CoH8(CO5)2,N/A,1.961541538873481,0.2,1.5
mp-772564,NiH8(CO5)2,N/A,2.030538480947009,0.2,1.5
mp-1197148,H8C2N6O7,N/A,1.4201469706127972,0.2,1.5
mp-1200121,CoH8(CO2)4,N/A,1.9214595577429092,0.2,1.5
mp-1203656,B5H8CO6,N/A,1.524764183679244,0.2,1.5
mp-1204724,ThH8(CO3)4,N/A,2.927256790206958,0.2,1.5
mp-1237806,H8C2N6O7,N/A,1.608135002665104,0.2,1.5
mp-542176,CuH8C4O5,N/A,1.823156357536655,0.2,1.5
mp-698274,ZnH8(CO2)4,N/A,2.018232111708852,0.2,1.5
mp-1204386,CoH8(CO4)2,N/A,1.9927179978491862,0.2,1.5
mp-1181376,H8C3N2O,N/A,1.132562704975375,0.2,1.5
mp-644330,H8C3N2O,N/A,1.841515176883937,0.2,1.5
mp-561405,SnH8(CO)4,N/A,2.122893295652599,0.2,1.5
mp-1233260,MgCu4H8(CO5)2,N/A,2.8953684287418833,0.2,1.5
mp-1234265,MgCu4H8(CO5)2,N/A,2.949458353184494,0.2,1.5
mp-1235090,LiCu4H8(CO5)2,N/A,3.036789669431457,0.2,1.5
mp-583429,CuH8C6(N3O)2,N/A,1.5684588390417131,0.2,1.5
mp-707928,H8C2S3(NO3)2,N/A,1.636656503825653,0.2,1.5
mp-1194681,MgH8C4(NO3)2,N/A,1.4284333803924332,0.2,1.5
mp-1195088,NiH8C4(NO3)2,N/A,1.210056040760366,0.2,1.5
mp-1195352,ZnH8C4(NO3)2,N/A,1.079282558313349,0.2,1.5
mp-1200933,H8CBrN5O3,N/A,1.9132022145396372,0.2,1.5
mp-1204636,H8CN5ClO3,N/A,1.748545722964379,0.2,1.5
mp-1204872,ZrH8Pb(C3O8)2,N/A,2.943013877650076,0.2,1.5
mp-23666,AsH8CN3O4,N/A,1.942363460316662,0.2,1.5
mp-24350,K2CoH8(CO5)2,N/A,2.220639965280453,0.2,1.5
mp-24573,K2NiH8(CO5)2,N/A,2.249729384,0.2,1.5
mp-24606,Rb2MgH8(CO5)2,N/A,2.460301789291311,0.2,1.5
mp-24623,Rb2NiH8(CO5)2,N/A,2.535778995,0.2,1.5
mp-24624,Rb2CoH8(CO5)2,N/A,2.675661174184744,0.2,1.5
mp-557521,PH8C2NO4,N/A,1.503001565069214,0.2,1.5
mp-560533,CuH8C4(NO3)2,N/A,1.713889133070898,0.2,1.5
mp-560827,MgH8C4(N3O2)2,N/A,1.419620018326319,0.2,1.5
mp-561521,PH8C2NO2,N/A,1.45442221,0.2,1.5
mp-600154,K2CuH8(CO3)4,N/A,2.043386579,0.2,1.5
mp-757963,K2MgH8(CO5)2,N/A,1.9969201016242581,0.2,1.5
mp-770604,Li2CoH8(CO5)2,N/A,2.134882154149041,0.2,1.5
mp-771916,Li2NiH8(CO5)2,N/A,2.198467679157188,0.2,1.5
mp-1195584,MnH8C4(NO3)2,N/A,1.680850120963583,0.2,1.5
mp-1198761,LiH8C4O5F9,N/A,1.767940821566434,0.2,1.5
mp-1198963,K5TbH8(CO2)8,N/A,2.227480003416997,0.2,1.5
mp-1200731,HoH8C2O8F,N/A,2.602439610234769,0.2,1.5
mp-1203091,CaP2H8(CO3)2,N/A,1.871840887282112,0.2,1.5
mp-735556,Na2CoH8(CO5)2,N/A,2.205797559207646,0.2,1.5
mp-738684,K5YH8(CO2)8,N/A,2.061079762522368,0.2,1.5
mp-770598,Li2CoH8(CO5)2,N/A,2.163698331402957,0.2,1.5
mp-557319,InH8C4NO10,N/A,2.055009355611988,0.2,1.5
mp-557853,TiH8C4NO10,N/A,1.7980300629064052,0.2,1.5
mp-557562,TiH8C4NO10,N/A,1.802494494511655,0.2,1.5
mp-1198574,MgH8C3(NO3)2,N/A,1.520197532069139,0.2,1.5
mp-1201582,CoH8C3(NO3)2,N/A,1.7925853464680022,0.2,1.5
mp-1201531,CaH8C2N4O5,N/A,1.8234247543677182,0.2,1.5
mp-1202123,H8CIN5O3,N/A,2.136431348972352,0.2,1.5
mp-1209730,TbH8C21(O2F3)5,N/A,2.183788983615024,0.2,1.5
mp-1210388,NaH8CN5O3,N/A,1.507156355,0.2,1.5
mp-1226333,CoH8C6(N3O)2,N/A,1.528599241029049,0.2,1.5
mp-1412519,Na2Cu3H8(CO2)8,N/A,2.101494884015084,0.2,1.5
mp-510474,Na2Cu3H8(CO2)8,N/A,2.148400006,0.2,1.5
mp-690771,H8CS(NO)4,N/A,1.708509952659768,0.2,1.5
mp-695996,BaH8C6(N3O4)2,N/A,2.301509593814652,0.2,1.5
mp-746681,VH8C2NO3,N/A,1.622014196,0.2,1.5
mp-819752,VH8C2NO3,N/A,1.622014309399789,0.2,1.5
mp-1217479,ThUH8(C2O5)4,N/A,3.256711691,0.2,1.5
mp-1194711,MnH8C3(NO3)2,N/A,1.721790626986426,0.2,1.5
mp-1201835,ZnH8C3(NO3)2,N/A,1.930663319324923,0.2,1.5
mp-1216298,ZnH8C4(NO2)3,N/A,1.8816934235100682,0.2,1.5
mp-1220880,NiH8C4(NO2)3,N/A,1.890877134652068,0.2,1.5
mp-1222605,MnH8C4(NO2)3,N/A,1.683360449556068,0.2,1.5
mp-1226766,CoH8C4(NO2)3,N/A,1.853117926,0.2,1.5
mp-1016213,Sn3H8C2NO7,N/A,3.224869846670825,0.2,1.5
mp-560592,V3H8C2NO7,N/A,2.2330266104652052,0.2,1.5
mp-601243,ZnH8C4(NO3)2,N/A,1.571977652781257,0.2,1.5
mp-560730,H8CN2(ClO5)2,N/A,1.8473755828462082,0.2,1.5
mp-733936,Cs2MgH8(CO5)2,N/A,2.861616870978204,0.2,1.5
mp-758942,NaYH8(CO3)4,N/A,2.149364628124023,0.2,1.5
mp-1226401,CrH8C4NO10,N/A,1.8038037246649101,0.2,1.5
mp-708955,PH8C2NO4,N/A,1.54575313,0.2,1.5
mp-1197326,KLuH8(CO3)4,N/A,2.607968468503071,0.2,1.5
mp-1198950,KInH8(CO3)4,N/A,2.330800080106199,0.2,1.5
mp-1203109,H8C3S3N4O5,N/A,1.604483867403442,0.2,1.5
mp-759255,LiCoH8(CO5)2,N/A,2.009786523345942,0.2,1.5
mp-720519,KCd2H8C10N15O4,N/A,1.9059620665009152,0.2,1.5
mp-753955,K3H8RhC4(ClO6)2,N/A,2.234688855684279,0.2,1.5
mp-1197049,CdH8C2S2(NO)6,N/A,2.076740264831596,0.2,1.5
mp-1199373,AgH8C3S2ClO4,N/A,2.219628782143774,0.2,1.5
mp-1200002,UP2H8C2NO8,N/A,2.903481923096558,0.2,1.5
mp-1200711,Sb2H8C3SCl6O5,N/A,2.217042602,0.2,1.5
mp-1200994,CoH8C2N4(ClO2)2,N/A,1.858983261115205,0.2,1.5
mp-1204541,CoPH8C3N3O7,N/A,1.8635710448454872,0.2,1.5
mp-1205162,NpCrH8C2(NO2)4,N/A,3.084335375979038,0.2,1.5
mp-23777,H8C3SN(OF)3,N/A,1.546900510614447,0.2,1.5
mp-556025,MgH8C2S2(NO2)2,N/A,1.4173460727054121,0.2,1.5
mp-561476,PH8C2SNO2,N/A,1.283145541803041,0.2,1.5
mp-600228,H8RuC5N(ClO)3,N/A,1.8492768453275792,0.2,1.5
mp-605808,AgH8C4S3(OF)3,N/A,2.135782194472062,0.2,1.5
mp-697957,ZnH8C2I2(N2O)2,N/A,2.553470334154052,0.2,1.5
mp-709428,YH8C2S2NO9,N/A,2.230716040439843,0.2,1.5
mp-720829,VH8C2N2O6F,N/A,1.8828813660457642,0.2,1.5
mp-733848,CdRe2H8C2(N2O5)2,N/A,3.540373714763577,0.2,1.5
mp-767297,MnH8C2S2(NO2)2,N/A,1.555236555415236,0.2,1.5
mp-1198497,NaH8C2S2NO5,N/A,1.6350263806369911,0.2,1.5
mp-24145,CuP2H8CN2O5,N/A,2.172224183665853,0.2,1.5
mp-720842,BaH8PtC4(NO)4,N/A,3.078096930237101,0.2,1.5
mp-720904,BaH8PtC4(NO)4,N/A,3.060646978324293,0.2,1.5
mp-1196143,Na2U2MnH8(C3O7)4,N/A,3.239084406185278,0.2,1.5
mp-1201346,Na2U2FeH8(C3O7)4,N/A,3.205253979802615,0.2,1.5
mp-1201788,Na2U2CoH8(C3O7)4,N/A,3.255457505535267,0.2,1.5
mp-1202403,Na2U2ZnH8(C3O7)4,N/A,3.232083447730664,0.2,1.5
mp-1210735,MgH8C6S2(NO4)2,N/A,1.811302534785352,0.2,1.5
mp-1214326,CaH8C6S2(NO4)2,N/A,1.808543583039605,0.2,1.5
mp-24664,ZnH8C2N4(ClO)2,N/A,1.8004917272273322,0.2,1.5
mp-556725,CuH8C2Br3NO,N/A,2.740546752352614,0.2,1.5
mp-560249,SiH8C2NClO,N/A,1.217517903792801,0.2,1.5
mp-567268,GdH8C10N(O2F3)4,N/A,2.216251126417679,0.2,1.5
mp-696290,CuH8C4N8(ClO)2,N/A,1.806313737311589,0.2,1.5
mp-1205234,AgH8C3S2ClO4,N/A,2.203294128311858,0.2,1.5
mp-559423,AgH8C5S2O2F3,N/A,2.027577278105089,0.2,1.5
mp-605676,AgH8C7S2O2F7,N/A,2.119016596753227,0.2,1.5
mp-1215373,ZrH8C2S(OF2)2,N/A,2.017252228381348,0.2,1.5
mp-1205066,K2Fe2H8C4Cl2O13,N/A,2.048442607660293,0.2,1.5
mp-1217853,SrZrCdH8(C4O11)2,N/A,2.177261082828681,0.2,1.5
mp-605006,LiH8C2S2NO5,N/A,1.6692228178637372,0.2,1.5
mp-1196575,H8C2SBrNO,N/A,1.714562447375624,0.2,1.5
mp-1200006,AgH8C3S2NO3,N/A,2.117953827374915,0.2,1.5
mp-1204696,Al3P3H8C2NO13,N/A,2.221051771966876,0.2,1.5
mp-1198412,SmFeH8C6(N3O2)2,N/A,1.9109221604865292,0.2,1.5
mp-1200936,ErCoH8C6(N3O2)2,N/A,2.382799234125843,0.2,1.5
mp-1201732,PrFeH8C6(N3O2)2,N/A,1.808787538256424,0.2,1.5
mp-745208,DyFeH8C6(N3O2)2,N/A,2.284074520467843,0.2,1.5
mp-698271,Ca3Ni2H8C10(S4O13)2,N/A,1.8305402083146491,0.2,1.5
mp-1196128,LiAlH8C16(O2F9)4,N/A,2.031863901034636,0.2,1.5
mp-698491,NaCa2Al4H8C4ClO20,N/A,2.434357559123553,0.2,1.5
mp-1198405,NaCuPH8C2SO8,N/A,2.267038164796222,0.2,1.5
mp-1203521,CdRe2H8C2S2(NO2)4,N/A,3.202063588351104,0.2,1.5
mp-560581,LiBeH8CNOF4,N/A,1.5178787625642611,0.2,1.5
mp-698272,Mo3H8C4SN2Cl6O7,N/A,2.271859026623043,0.2,1.5
mp-708964,Al2P2H8C2NO8F,N/A,2.084886215583782,0.2,1.5
mp-1215002,Ag2H8C2S2N5ClO3,N/A,2.575937398817746,0.2,1.5
mp-721059,H8AuC2S2N4ClO4,N/A,2.666378056598836,0.2,1.5
mp-24765,KHoH8RuC6(N3O2)2,N/A,2.5907501600899643,0.2,1.5
mp-1204309,SbH8C2S2Br3N4O,N/A,2.297533106,0.2,1.5
mp-23668,H9C4NO4,N/A,1.313154168,0.2,1.5
mp-558863,H9C5NO5,N/A,1.419280731143128,0.2,1.5
mp-998880,H9C8NO2,N/A,1.224221525412422,0.2,1.5
mp-1196548,H9C8NO9,N/A,1.627680662244493,0.2,1.5
mp-707917,H9C2N11O8,N/A,1.7559590253508932,0.2,1.5
mp-1182415,BH9(CO)3,N/A,1.409276679359896,0.2,1.5
mp-558506,BH9(CO)3,N/A,1.148850750370912,0.2,1.5
mp-1212762,H9C2N11O2,N/A,1.432912235040894,0.2,1.5
mp-556151,H9C3N3O2,N/A,1.2664317486075851,0.2,1.5
mp-1199386,H9C2(N3O2)3,N/A,1.6071393097799072,0.2,1.5
mp-560734,VH9C3O4,N/A,1.612641618168068,0.2,1.5
mp-734137,H9C2N7O6,N/A,1.768082873321506,0.2,1.5
mp-583606,H9C2(NO)3,N/A,1.2738434754291381,0.2,1.5
mp-1196253,H9CN7O3,N/A,1.452987676137971,0.2,1.5
mp-1220124,PH9C(NO)4,N/A,1.586997855780065,0.2,1.5
mp-1181051,Mo2H9C2NO7,N/A,2.032972631559089,0.2,1.5
mp-1199739,Mo2H9C2NO7,N/A,2.530680455511053,0.2,1.5
mp-1195900,CdH9C4(N2O3)3,N/A,2.3100341883835123,0.2,1.5
mp-1200336,H9C3S3NO5,N/A,1.499926380231922,0.2,1.5
mp-1200667,CoH9C3N7O2,N/A,1.569002765217198,0.2,1.5
mp-1201826,AgH9C2(NO)2,N/A,2.133016398577587,0.2,1.5
mp-1201841,NaH9Rh2C5O12,N/A,2.420735563090271,0.2,1.5
mp-510473,FeH9C3N7O2,N/A,1.588553910795513,0.2,1.5
mp-1199137,P2H12C4O3,N/A,1.047493117205377,0.2,1.5
mp-1200121,CoH8(CO2)4,N/A,1.9214595577429092,0.2,1.5
mp-1202150,ThH4(C2O5)2,N/A,3.241586070083646,0.2,1.5
mp-1202302,BaH6(C2O5)2,N/A,2.580844845055379,0.2,1.5
mp-1204724,ThH8(CO3)4,N/A,2.927256790206958,0.2,1.5
mp-1211095,MnH4(C2O3)2,N/A,1.7220863715515362,0.2,1.5
mp-1214914,BaH2(CO2)4,N/A,2.138431242304921,0.2,1.5
mp-542176,CuH8C4O5,N/A,1.823156357536655,0.2,1.5
mp-542783,Ba2H14C4O15,N/A,2.611011869724914,0.2,1.5
mp-690824,SrH6C4O7,N/A,2.220105197548022,0.2,1.5
mp-698274,ZnH8(CO2)4,N/A,2.018232111708852,0.2,1.5
mp-699317,Na2H6C4O7,N/A,1.804437703371456,0.2,1.5
mp-705527,ReH(CO)4,N/A,3.139882994782576,0.2,1.5
mp-1201866,H2C4(OF2)3,N/A,2.099743389,0.2,1.5
mp-726434,Mo2H3(CO2)4,N/A,2.4326039045730923,0.2,1.5
mp-1195133,CaH6(C2O3)2,N/A,1.8838241705157062,0.2,1.5
mp-1202429,FeH7(CO2)4,N/A,2.054496486601504,0.2,1.5
mp-1215145,Ba2H2C4O9,N/A,3.157187389809125,0.2,1.5
mp-555083,Na3H5(CO2)4,N/A,1.736185891217168,0.2,1.5
mp-560323,H11C4NO10,N/A,1.578345131789122,0.2,1.5
mp-698158,VH7(CO2)4,N/A,1.8797241850597142,0.2,1.5
mp-721753,CsH7(C2O5)2,N/A,2.240597614991597,0.2,1.5
mp-722571,ReH(CO)4,N/A,3.000322126,0.2,1.5
mp-723120,BaH6C4O7,N/A,2.5562722495241053,0.2,1.5
mp-730460,Na5H3(CO3)4,N/A,2.402627586021559,0.2,1.5
mp-734199,MnH(CO)4,N/A,1.8250069399868192,0.2,1.5
mp-1212804,H7C4(N3O2)3,N/A,1.523771585848654,0.2,1.5
mp-1182715,CuH6(CO2)4,N/A,1.882521706352105,0.2,1.5
mp-600167,CuH6(CO2)4,N/A,1.923122908823124,0.2,1.5
mp-561405,SnH8(CO)4,N/A,2.122893295652599,0.2,1.5
mp-720869,H12C4N2O9,N/A,1.560266131675118,0.2,1.5
mp-1193570,NaH3C4O5,N/A,1.672340891968477,0.2,1.5
mp-1196220,TbH7C4O11,N/A,2.549009549458692,0.2,1.5
mp-554793,YH7C4O11,N/A,2.136639712781457,0.2,1.5
mp-698287,YH2C4O9,N/A,1.8870268558688341,0.2,1.5
mp-1199165,SiH12(CO)4,N/A,1.151419623321305,0.2,1.5
mp-1173843,Na3H12Ru2(C2O9)2,N/A,2.4401194486218563,0.2,1.5
mp-1217885,U12Cd4H6C4O51,N/A,5.856364045947322,0.2,1.5
mp-698263,KYH4C4O9,N/A,2.360409097614805,0.2,1.5
mp-1196609,CaH4C4(SO)4,N/A,1.646282725117517,0.2,1.5
mp-1213514,CsU2H(C2O7)2,N/A,3.731396898239479,0.2,1.5
mp-1238514,CsTiH10C4O13,N/A,2.374906595045386,0.2,1.5
mp-554037,KU2H5C4O15,N/A,3.563207547848926,0.2,1.5
mp-562903,CoH18C4N7O8,N/A,1.558149038687092,0.2,1.5
mp-600238,NbH12C4NO13,N/A,1.571847515344158,0.2,1.5
mp-605374,CsU2H3(C2O7)2,N/A,4.007215355455374,0.2,1.5
mp-605406,RbU2H5C4O15,N/A,3.736371120028061,0.2,1.5
mp-706446,CsTiH10C4O13,N/A,2.192930798008052,0.2,1.5
mp-1195683,Na5LuH4(C2O7)2,N/A,2.755387125154389,0.2,1.5
mp-24144,Na5ScH4(C2O7)2,N/A,2.300879629164196,0.2,1.5
mp-559038,CuH12C4(NO)6,N/A,1.888170931188648,0.2,1.5
mp-1106046,CrH4C4NO10,N/A,1.739889072546875,0.2,1.5
mp-1189653,KCrH4(C2O5)2,N/A,2.027492043566869,0.2,1.5
mp-698264,CsVH12(C2O7)2,N/A,2.116450706802703,0.2,1.5
mp-752822,RbCrH4(C2O5)2,N/A,2.249548499269597,0.2,1.5
mp-1179202,SrCuH4(CO2)4,N/A,1.699810704926454,0.2,1.5
mp-1194707,H18RhC4N7O8,N/A,1.5741594978321611,0.2,1.5
mp-1205438,SrCuH4(CO2)4,N/A,2.3796609007748453,0.2,1.5
mp-23686,CaCuH4(CO2)4,N/A,2.225759353168441,0.2,1.5
mp-559223,GdH6C4NO9,N/A,2.627263069417598,0.2,1.5
mp-600520,SrCuH4(CO2)4,N/A,2.264070241087271,0.2,1.5
mp-698351,AgH6C4(NO)2,N/A,2.5813264653124293,0.2,1.5
mp-727956,MnPH2(CO)4,N/A,1.8439110155241951,0.2,1.5
mp-1181352,Mo2H12C4N2O15,N/A,2.173182395900358,0.2,1.5
mp-1181609,Mo2H12C4N2O15,N/A,1.610506907757085,0.2,1.5
mp-1181627,CuH14C4(NO2)4,N/A,1.5046372690102832,0.2,1.5
mp-1181838,CuH14C4(NO2)4,N/A,1.722268415988525,0.2,1.5
mp-1182523,CuH14C4(NO2)4,N/A,1.475770532229451,0.2,1.5
mp-1194681,MgH8C4(NO3)2,N/A,1.4284333803924332,0.2,1.5
mp-1195088,NiH8C4(NO3)2,N/A,1.210056040760366,0.2,1.5
mp-1195352,ZnH8C4(NO3)2,N/A,1.079282558313349,0.2,1.5
mp-1195487,Na4Cd3H2(C2O7)2,N/A,3.684018441868738,0.2,1.5
mp-1195900,CdH9C4(N2O3)3,N/A,2.3100341883835123,0.2,1.5
mp-1196260,Sn2MoH12C4O5,N/A,2.439167736948908,0.2,1.5
mp-1196673,K2CoH12(C2O7)2,N/A,1.908200964293763,0.2,1.5
mp-1196938,K2Mo2H4C4O15,N/A,2.463874014885985,0.2,1.5
mp-1197145,HgH6C4(N2O)2,N/A,2.822401581195055,0.2,1.5
mp-1198633,ZnH20C4(N5O6)2,N/A,1.828490897118697,0.2,1.5
mp-1198888,LaH16C4Cl3O4,N/A,1.789832524,0.2,1.5
mp-1199425,CuH14C4(NO2)4,N/A,1.699449691373313,0.2,1.5
mp-1199760,UH18C4N10O13,N/A,2.030619841,0.2,1.5
mp-1201659,MgH20C4(N5O6)2,N/A,1.478080224,0.2,1.5
mp-1201731,UH16C4(NO3)2,N/A,2.6132999334329643,0.2,1.5
mp-1201889,KH13C4(NO)2,N/A,1.070985185655108,0.2,1.5
mp-1203168,Sn2H12C4Cl2O,N/A,2.004355264,0.2,1.5
mp-1203496,UH12C4S3O8,N/A,2.649845943,0.2,1.5
mp-1205249,H13C4S2NO6,N/A,1.341353282219919,0.2,1.5
mp-1207713,ZnH7C4N3O7,N/A,2.084540964313072,0.2,1.5
mp-1207872,VH4C4O6F,N/A,2.036627552045607,0.2,1.5
mp-1210542,NiH20C4(N5O6)2,N/A,1.606725391611256,0.2,1.5
mp-1211082,Na2CrH5C4O11,N/A,1.977012356998062,0.2,1.5
mp-1211657,MnH7C4N3O7,N/A,1.9215347180919662,0.2,1.5
mp-1212361,KH2C4N3O4,N/A,1.088678308203301,0.2,1.5
mp-1212586,HC4NCl2O3,N/A,1.6471683213337371,0.2,1.5
mp-1212673,H12PdC4(NO5)2,N/A,1.8738944752758022,0.2,1.5
mp-1212700,HAuC4(N2O)2,N/A,2.628252361469591,0.2,1.5
mp-1213436,FeH12C4(N9O2)2,N/A,1.756619642231458,0.2,1.5
mp-1214088,CoH20C4(N5O6)2,N/A,1.588989987360321,0.2,1.5
mp-1222198,MgZnH12(CO3)4,N/A,1.8957585660598941,0.2,1.5
mp-554044,K2NiH12(C2O7)2,N/A,1.985438682,0.2,1.5
mp-554482,Rb2Mo2H4C4O15,N/A,2.734080201822887,0.2,1.5
mp-554484,CeH16C4Cl3O4,N/A,1.905142098,0.2,1.5
mp-557512,LaH4C4NO8,N/A,2.650979109605645,0.2,1.5
mp-558003,UH12C4N4O11,N/A,2.265740268364823,0.2,1.5
mp-559120,NiP2H24(C2O7)2,N/A,1.650336648281658,0.2,1.5
mp-559679,P2H17C4NO8,N/A,1.479558915497914,0.2,1.5
mp-560182,AgH11C4(SO)3,N/A,1.965907070799834,0.2,1.5
mp-560533,CuH8C4(NO3)2,N/A,1.713889133070898,0.2,1.5
mp-560827,MgH8C4(N3O2)2,N/A,1.419620018326319,0.2,1.5
mp-600154,K2CuH8(CO3)4,N/A,2.043386579,0.2,1.5
mp-655025,Mo2H12C4N2O15,N/A,1.408895984962157,0.2,1.5
mp-721699,CaH16C4(NO)10,N/A,1.584432327238449,0.2,1.5
mp-728656,CoH16C4(NO)7,N/A,1.8107417285484102,0.2,1.5
mp-738654,UH16C4(NO3)4,N/A,2.545684869972603,0.2,1.5
mp-758842,NbH14C4NO14,N/A,1.9186481515276692,0.2,1.5
mp-1195584,MnH8C4(NO3)2,N/A,1.680850120963583,0.2,1.5
mp-1195839,H12C4Se(NO)2,N/A,1.413491474153418,0.2,1.5
mp-1198308,V2H12C4S4O15,N/A,2.25007889,0.2,1.5
mp-1198761,LiH8C4O5F9,N/A,1.767940821566434,0.2,1.5
mp-1199623,P2H12Rh(CO)4,N/A,1.8271184898392292,0.2,1.5
mp-1201323,KNdH6C4O11,N/A,2.413738864763634,0.2,1.5
mp-1202028,MgH12C4(S2O3)2,N/A,1.515202527173721,0.2,1.5
mp-1203350,Na2CoH4(CO2)4,N/A,1.993426896737935,0.2,1.5
mp-1214267,CaH16C4(N7O2)2,N/A,1.431561077054723,0.2,1.5
mp-1215121,BaCuH12(C2O7)2,N/A,2.308104210121479,0.2,1.5
mp-1226354,CoH4C4(NO3)2,N/A,1.966678063168159,0.2,1.5
mp-698277,CoH10C4(N2O3)2,N/A,1.874055491306057,0.2,1.5
mp-698349,CdH6C4(S2O)2,N/A,2.288994532301103,0.2,1.5
mp-698365,MgH10C4(N2O3)2,N/A,1.608739743639672,0.2,1.5
mp-698366,ZnH10C4(N2O3)2,N/A,1.8983798688896671,0.2,1.5
mp-572503,NiH12C4(N2O3)2,N/A,1.6761578153587031,0.2,1.5
mp-1200270,CoH20C4SO10,N/A,1.4551366958633292,0.2,1.5
mp-1208677,Zn2H16C4N18O7,N/A,2.030482696993775,0.2,1.5
mp-24767,H12C4NClO4,N/A,1.335911653495824,0.2,1.5
mp-554515,KScH4(C2O5)2,N/A,1.8282194136278092,0.2,1.5
mp-557319,InH8C4NO10,N/A,2.055009355611988,0.2,1.5
mp-557853,TiH8C4NO10,N/A,1.7980300629064052,0.2,1.5
mp-557562,TiH8C4NO10,N/A,1.802494494511655,0.2,1.5
mp-698262,VH16C4(NO4)3,N/A,1.596539157938552,0.2,1.5
mp-985670,SnH16C4(NO4)3,N/A,1.835991555327856,0.2,1.5
mp-1193145,FeH12C4(S2O3)2,N/A,1.6230961111021882,0.2,1.5
mp-1199960,MnP2H12(CO2)4,N/A,1.739749472075907,0.2,1.5
mp-1203912,PH14C4NO4,N/A,1.257174479360365,0.2,1.5
mp-1204102,H12C4S2N2O5,N/A,1.425146764758702,0.2,1.5
mp-1414227,Na2CuH4(C2O5)2,N/A,2.213483176754146,0.2,1.5
mp-23707,ReH12C4O5F,N/A,2.334411358815352,0.2,1.5
mp-600256,MnH9C4NO6,N/A,1.7213233361493492,0.2,1.5
mp-695113,P4H35C4(NO)16,N/A,1.648265917861691,0.2,1.5
mp-698276,CuH11C4(NO5)2,N/A,1.9056784571360912,0.2,1.5
mp-698305,K3VH6C4O13,N/A,2.083412886395785,0.2,1.5
mp-698313,Rb2CuH4(C2O5)2,N/A,2.785949495524777,0.2,1.5
mp-722243,Na2CuH4(C2O5)2,N/A,2.213483176754146,0.2,1.5
mp-722318,TmH16C4N11O13,N/A,2.073502793985096,0.2,1.5
mp-1202049,Mo3H12C4NO10,N/A,2.24692105,0.2,1.5
mp-1200370,MgB6H28(C2O)2,N/A,0.731687607,0.2,1.5
mp-1195103,CoH10C4(NO2)4,N/A,1.916284965020458,0.2,1.5
mp-1200641,CuH9C4(NO2)3,N/A,1.8035530104781872,0.2,1.5
mp-1216298,ZnH8C4(NO2)3,N/A,1.8816934235100682,0.2,1.5
mp-1220880,NiH8C4(NO2)3,N/A,1.890877134652068,0.2,1.5
mp-1222605,MnH8C4(NO2)3,N/A,1.683360449556068,0.2,1.5
mp-1226766,CoH8C4(NO2)3,N/A,1.853117926,0.2,1.5
mp-706227,BH5C4(N2O)2,N/A,1.257394939178108,0.2,1.5
mp-1196362,Si5H15C4NO12,N/A,1.797796287825816,0.2,1.5
mp-686268,Cu2H4C4N3O,N/A,2.604662517215531,0.2,1.5
mp-698353,KBiH10C4O13,N/A,2.736996666,0.2,1.5
mp-743986,CsVH12(C2O7)2,N/A,2.190380589845385,0.2,1.5
mp-1198045,NiH9C4(NO2)3,N/A,1.8773735505834401,0.2,1.5
mp-1202547,MnH9C4(NO2)3,N/A,1.695450593297993,0.2,1.5
mp-1202804,CoH9C4(NO2)3,N/A,1.8481093453033441,0.2,1.5
mp-1204121,CoH7C4(NO3)2,N/A,1.520654548333416,0.2,1.5
mp-1204423,FeH9C4(NO2)3,N/A,1.775185407,0.2,1.5
mp-1204620,ZnH9C4(NO2)3,N/A,1.887129713398342,0.2,1.5
mp-601243,ZnH8C4(NO3)2,N/A,1.571977652781257,0.2,1.5
mp-1199139,ReH12C4NO4,N/A,2.073700922648056,0.2,1.5
mp-1196337,CrPH12(CO)4,N/A,1.2391854556821031,0.2,1.5
mp-1197556,NiH16C4(N5O)2,N/A,1.853789467064067,0.2,1.5
mp-1212339,MnH12C4(N9O2)2,N/A,1.6973149056958512,0.2,1.5
mp-1213145,H16PdC4(N5O)2,N/A,1.869781867159483,0.2,1.5
mp-601242,K2VH4C4O9,N/A,1.9833175808806671,0.2,1.5
mp-707929,LiBH2C4O9,N/A,1.902091898541889,0.2,1.5
mp-759393,CuH16C4(N5O)2,N/A,1.707060864911341,0.2,1.5
mp-1182316,CuH9C4NO6,N/A,1.555338187362826,0.2,1.5
mp-1201379,ZnH9C4NO6,N/A,1.846329880606215,0.2,1.5
mp-1204626,NaU2H5C4O15,N/A,3.434939553674379,0.2,1.5
mp-554527,H12C4INO3,N/A,1.948938870960109,0.2,1.5
mp-654897,MnH9C4NO6,N/A,1.673351285853176,0.2,1.5
mp-654900,CuH9C4NO6,N/A,1.4614093296455501,0.2,1.5
mp-728934,CoH9C4NO6,N/A,1.8317263814674472,0.2,1.5
mp-758942,NaYH8(CO3)4,N/A,2.149364628124023,0.2,1.5
mp-1178797,YH16C4N9O16,N/A,1.833776014858198,0.2,1.5
mp-1226401,CrH8C4NO10,N/A,1.8038037246649101,0.2,1.5
mp-708135,YH16C4N9O16,N/A,1.8211046467480512,0.2,1.5
mp-1197326,KLuH8(CO3)4,N/A,2.607968468503071,0.2,1.5
mp-1198950,KInH8(CO3)4,N/A,2.330800080106199,0.2,1.5
mp-1200380,MnHC4N3O5,N/A,2.323776601728043,0.2,1.5
mp-1195180,La2B5H9C4O15,N/A,2.880037509140869,0.2,1.5
mp-1195834,La2B5H7(C2O7)2,N/A,2.7163707703143603,0.2,1.5
mp-1233092,MgH4C4S4(OF)12,N/A,1.699490253,0.2,1.5
mp-1233983,MgH4C4S4(OF)12,N/A,1.861365891245754,0.2,1.5
mp-1234282,MgH4C4S4(OF)12,N/A,1.891853755121271,0.2,1.5
mp-1234857,MgH4C4S4(OF)12,N/A,1.8540394881824351,0.2,1.5
mp-1202779,RbH12AuC4(SO3)4,N/A,2.417202336839707,0.2,1.5
mp-1195695,H12C4IN(OF)2,N/A,1.851894515873148,0.2,1.5
mp-1197384,CoH12PdC4(NO3)4,N/A,2.020092065785011,0.2,1.5
mp-1203395,UH12C4Se(NO4)2,N/A,2.473804908767105,0.2,1.5
mp-698296,UH12C4SN2O9,N/A,2.632951497511704,0.2,1.5
mp-753955,K3H8RhC4(ClO6)2,N/A,2.234688855684279,0.2,1.5
mp-1198292,NdH24C4I3(NO)8,N/A,2.206229941167548,0.2,1.5
mp-1182729,CaH16C4N8(ClO2)2,N/A,1.537338675543393,0.2,1.5
mp-1198517,Hg4H9C4S3O14F9,N/A,3.554634735065107,0.2,1.5
mp-1199292,KBH4C4(N2O)4,N/A,1.474898664327394,0.2,1.5
mp-1199579,BiH14C4S8N5O,N/A,2.029126151883734,0.2,1.5
mp-1201285,CdH16C4S4(N5O3)2,N/A,1.812008068952394,0.2,1.5
mp-1201772,MoH12C4S2(BrO2)2,N/A,1.989252545245245,0.2,1.5
mp-1202300,VH15C4S2(NO5)2,N/A,1.906578563542125,0.2,1.5
mp-1202524,K2CuH14C4(N3O4)2,N/A,1.8299621575202032,0.2,1.5
mp-504807,MgP2H20C4(N2O3)4,N/A,1.7420059846901301,0.2,1.5
mp-540920,CaP2H20C4(N2O3)4,N/A,1.6962400382420442,0.2,1.5
mp-555975,NaH12C4S2BrO2,N/A,1.5442111856372351,0.2,1.5
mp-556567,BaH16C4S4(NO5)2,N/A,2.162367068194268,0.2,1.5
mp-557822,H12PbC4S4(NO4)2,N/A,2.48526553,0.2,1.5
mp-559027,SrH12C4S4(NO4)2,N/A,1.990791833347208,0.2,1.5
mp-601227,H12W3C4S2Cl9O2,N/A,2.657665662206762,0.2,1.5
mp-605808,AgH8C4S3(OF)3,N/A,2.135782194472062,0.2,1.5
mp-703426,MgH20C4Br2(N4O3)2,N/A,1.287949653516878,0.2,1.5
mp-707071,ZnH10C4N6(ClO2)2,N/A,1.9706799766693441,0.2,1.5
mp-707938,MgH18C4SN8O9,N/A,1.696712858,0.2,1.5
mp-728733,CoH18C4N8(ClO)4,N/A,1.749769681496939,0.2,1.5
mp-735514,MnH18C4N8(ClO)4,N/A,1.7333814043422602,0.2,1.5
mp-735603,CaH16C4N8(ClO2)2,N/A,1.112822820826972,0.2,1.5
mp-738663,Sn2H10C4N2O9F2,N/A,2.633442224908854,0.2,1.5
mp-766230,Rb2NaZn2H5(C2O7)2,N/A,3.230105714155782,0.2,1.5
mp-766427,K2NaZn2H5(C2O7)2,N/A,2.7246214825261923,0.2,1.5
mp-769075,Li2CuH14C4(N3O4)2,N/A,1.909678045225745,0.2,1.5
mp-1196463,AgH12C4S2N5O3,N/A,1.846404904,0.2,1.5
mp-1197676,NaH6C4SN3O5,N/A,1.5721133313934872,0.2,1.5
mp-1198359,SnH18W3C4(NO2)6,N/A,3.209298587,0.2,1.5
mp-1199657,Ta3H20C4Br8NO4,N/A,3.657238688321201,0.2,1.5
mp-1201966,Zn3P4H20C4(NO6)2,N/A,1.893723877717389,0.2,1.5
mp-1202038,TlH12C4S2I3O2,N/A,2.502181678087148,0.2,1.5
mp-1213594,GdH18C4N6Cl3O8,N/A,1.9509352359563472,0.2,1.5
mp-540575,ZnHg2H14C4N6O13,N/A,2.785603966,0.2,1.5
mp-698125,NpH16C4N8ClO6,N/A,2.385711074398535,0.2,1.5
mp-707467,ThH20C4S2N8O15,N/A,2.204593844031606,0.2,1.5
mp-709723,Al2P3H17C4(NO6)2,N/A,1.696871769968278,0.2,1.5
mp-720842,BaH8PtC4(NO)4,N/A,3.078096930237101,0.2,1.5
mp-720904,BaH8PtC4(NO)4,N/A,3.060646978324293,0.2,1.5
mp-727111,MnH16C4N(OF2)2,N/A,1.6294336851060942,0.2,1.5
mp-738695,H12OsC4N(OF)3,N/A,2.572545366578076,0.2,1.5
mp-1195161,UH18C4Se2N2O11,N/A,2.672225188593492,0.2,1.5
mp-1195410,U2H18C4Se3N2O17,N/A,3.173467080017755,0.2,1.5
mp-1196083,KH2AuC4N4O,N/A,2.652473798905727,0.2,1.5
mp-604327,NiH18C4S6(N2O)4,N/A,1.408992955973945,0.2,1.5
mp-744395,NiH18C4S6(N2O)4,N/A,1.766509775777723,0.2,1.5
mp-709432,NaH3C4S4(OF)12,N/A,1.824142900598571,0.2,1.5
mp-1100964,UPH10C4(NO4)2,N/A,2.271910322009089,0.2,1.5
mp-1182914,AlH14C4NOF4,N/A,1.088624111061799,0.2,1.5
mp-1197884,VH17C4S4(O5F3)4,N/A,1.9330010729848601,0.2,1.5
mp-1201380,VH17C4S4(O5F3)4,N/A,1.783423045987072,0.2,1.5
mp-1201982,K2UH6C4SeO15,N/A,2.754767661030775,0.2,1.5
mp-1202335,BeH16C4S2(ClO2)2,N/A,1.319815194135237,0.2,1.5
mp-1202992,NaH12AuC4(SO3)4,N/A,2.115305390098044,0.2,1.5
mp-1204315,UH10C4S(NO3)3,N/A,2.553467879562048,0.2,1.5
mp-1204695,TcH12C4S2(Cl2O)2,N/A,1.6753151190348041,0.2,1.5
mp-1210347,PH17C4S2(N2O)4,N/A,1.456064413039948,0.2,1.5
mp-1212583,H16PdC4S4(N5O3)2,N/A,1.876593931628885,0.2,1.5
mp-1225274,FePHC4(OF)3,N/A,1.882454343995736,0.2,1.5
mp-1325679,PuCoH24C4N6O13,N/A,2.381384339668463,0.2,1.5
mp-24272,CaH20C4S4(NO6)2,N/A,1.625724717046348,0.2,1.5
mp-24273,CdH20C4S4(NO6)2,N/A,1.9408737682371981,0.2,1.5
mp-535004,Zn2P3H19C4(NO6)2,N/A,2.060660011911434,0.2,1.5
mp-557379,P2H6C4N2Cl2O,N/A,1.595447827050827,0.2,1.5
mp-560363,VH14C4NO2F3,N/A,1.547633864231099,0.2,1.5
mp-560849,FeH14C4NOF4,N/A,1.588726781996296,0.2,1.5
mp-572874,AlH14C4NOF4,N/A,1.144270155094564,0.2,1.5
mp-696290,CuH8C4N8(ClO)2,N/A,1.806313737311589,0.2,1.5
mp-707443,Na7AlH2C4(O3F)4,N/A,2.459876434688916,0.2,1.5
mp-720849,Na2H6PtC4N4O3,N/A,2.5585377259539612,0.2,1.5
mp-721789,CuH18C4N10(ClO)2,N/A,1.6272459514129731,0.2,1.5
mp-728713,Na2NiH6C4N4O3,N/A,1.793006755221294,0.2,1.5
mp-729906,PuCoH24C4N6O13,N/A,2.381384252420824,0.2,1.5
mp-746324,V2As3H17C4N8O17,N/A,2.253094047291255,0.2,1.5
mp-1196037,ZnH20PdC4(NO3)4,N/A,1.9319753441926242,0.2,1.5
mp-1197007,NiH20PtC4(NO3)4,N/A,2.303045813453836,0.2,1.5
mp-1197411,CoH20PtC4(NO3)4,N/A,2.337478192969304,0.2,1.5
mp-1199354,ZnH20PtC4(NO3)4,N/A,2.326683874712186,0.2,1.5
mp-1201334,NiH20PdC4(NO3)4,N/A,1.984547230726391,0.2,1.5
mp-690844,FeH2C4N4Cl6O,N/A,1.552285551381324,0.2,1.5
mp-1203119,H12OsC4NO4F,N/A,2.135832943357177,0.2,1.5
mp-1197055,CdH12C4I2(NO)4,N/A,2.224370629186535,0.2,1.5
mp-1199010,ZnP2H3C4NO8,N/A,1.7885745026331341,0.2,1.5
mp-1205066,K2Fe2H8C4Cl2O13,N/A,2.048442607660293,0.2,1.5
mp-1226113,CuH18PdC4N4O11,N/A,1.950496188865159,0.2,1.5
mp-1226397,CuH16PtC4N4O11,N/A,2.310033705045649,0.2,1.5
mp-684743,GaGe5H6C4NO12,N/A,2.973003645414805,0.2,1.5
mp-562114,V2CoH4C4(NO3)2,N/A,2.383218614928194,0.2,1.5
mp-1179600,ZnH16C4S4(N5O3)2,N/A,1.392996706245257,0.2,1.5
mp-706601,ZnH16C4S4(N5O3)2,N/A,1.5601663736751021,0.2,1.5
mp-1198217,Zn3H24C4Se5(N4O5)3,N/A,2.406965560256917,0.2,1.5
mp-720283,K2H6PtC4N4O3,N/A,2.561437193,0.2,1.5
mp-1195490,NiH32C4S2(NO8)2,N/A,1.5888362588306042,0.2,1.5
mp-1204663,HfH14C4NOF5,N/A,2.453557318118945,0.2,1.5
mp-709143,ZrH11C4NOF5,N/A,1.888630401254802,0.2,1.5
mp-1204099,BiH14C4N8Cl5O2,N/A,2.150531991087975,0.2,1.5
mp-1224979,H12C4S2BrNO,N/A,1.628072287,0.2,1.5
mp-728693,CoNiH12C4(N2O3)2,N/A,1.623830401,0.2,1.5
mp-1201407,V4CoH4C4(NO5)2,N/A,2.7844863139742433,0.2,1.5
mp-849786,ZnP2H15C4NO8,N/A,1.803973265279228,0.2,1.5
mp-1196087,LiH12AuC4(SO3)4,N/A,2.1250683488460442,0.2,1.5
mp-709352,Na2Sc2P4H12C4O13,N/A,1.9706329593664762,0.2,1.5
mp-720721,SiH18C4N8(O2F3)2,N/A,1.625437653571915,0.2,1.5
mp-698491,NaCa2Al4H8C4ClO20,N/A,2.434357559123553,0.2,1.5
mp-1181934,MgH16C4S4N2(O4F3)4,N/A,1.363706605347618,0.2,1.5
mp-1182733,MgH16C4S4N2(O4F3)4,N/A,1.386941249162028,0.2,1.5
mp-1198363,K2UH4C4SNO10,N/A,2.776535464567034,0.2,1.5
mp-1200682,AgH18C4S4BrN8O,N/A,1.751406377221093,0.2,1.5
mp-1202543,NaH12RuC4S2(Cl2O)2,N/A,2.046618155,0.2,1.5
mp-1204316,H12RuC4S2N(ClO)3,N/A,1.712535004862478,0.2,1.5
mp-554761,BaH2C4S4N2(O3F4)3,N/A,2.371106521409843,0.2,1.5
mp-606304,MgH16C4S4N2(O4F3)4,N/A,1.469225250155204,0.2,1.5
mp-698272,Mo3H8C4SN2Cl6O7,N/A,2.271859026623043,0.2,1.5
mp-698381,H12RuC4S2N2Cl2O5,N/A,1.848893112040133,0.2,1.5
mp-733747,CdRe2H16C4S4(NO)8,N/A,2.793902594712495,0.2,1.5
mp-1199489,CsAgH12C4S4(NO4)2,N/A,2.224228456283779,0.2,1.5
mp-709549,SbTe6H12C4N(OF5)6,N/A,2.9989600507232623,0.2,1.5
mp-1195334,K2CrH5C4S4N4O3,N/A,1.678937048317298,0.2,1.5
mp-1199171,CoH24C4S4N8(ClO4)2,N/A,1.5509720410265122,0.2,1.5
mp-1205229,NiH24C4S4N8(ClO4)2,N/A,1.585730090309545,0.2,1.5
mp-738718,Na5P3H48C4N(O9F)3,N/A,1.551642195,0.2,1.5
mp-744190,K2Mo2H12C4N(OF3)3,N/A,2.112996125285057,0.2,1.5
mp-1233282,MgZnH20PtC4(NO3)4,N/A,2.252111080490438,0.2,1.5
mp-605018,NaAgH16C4S4(NO5)2,N/A,1.874181130313477,0.2,1.5
mp-1195007,AlZnB5H16C4(N2O5)2,N/A,1.7887419757077692,0.2,1.5
mp-706285,Na2H4PtC4Br2(N2O)2,N/A,2.9862504406672072,0.2,1.5
mp-720895,ReH22C4S4N8Cl8O3,N/A,2.003485939519302,0.2,1.5
mp-1197449,H16OsC4S4Br8N8O3,N/A,2.539677453155396,0.2,1.5
mp-707926,ReH22C4S4N8Cl8O3,N/A,2.015530748048269,0.2,1.5
mp-1235008,MgZnH20PtC4(NO3)4,N/A,2.04563423,0.2,1.5
mp-1233381,MgZnH20PtC4(NO3)4,N/A,2.596336090213947,0.2,1.5
mp-696179,KNaH6PtC4N4O3,N/A,2.592528203719824,0.2,1.5
mp-995218,H4C5O2,N/A,1.425443302074383,0.2,1.5
mp-1199004,In2H6C5O11,N/A,2.5794662681754312,0.2,1.5
mp-556451,H14C5(NO)2,N/A,1.103703987302528,0.2,1.5
mp-558863,H9C5NO5,N/A,1.419280731143128,0.2,1.5
mp-1197162,MnH(CO)5,N/A,1.607864260246371,0.2,1.5
mp-1195402,H10C5NO6,N/A,1.369290903172433,0.2,1.5
mp-554659,H12C5N2O,N/A,1.099081418515008,0.2,1.5
mp-1222511,MnH3C5NO6,N/A,1.8254474054420382,0.2,1.5
mp-705911,MoH17C5(NO)4,N/A,1.456761182917442,0.2,1.5
mp-1200522,Na2LaH2C5O11,N/A,2.522548407360223,0.2,1.5
mp-1201841,NaH9Rh2C5O12,N/A,2.420735563090271,0.2,1.5
mp-1204151,Na2CeH2C5O11,N/A,2.579151641006391,0.2,1.5
mp-605052,PH3W(CO)5,N/A,2.448243698207755,0.2,1.5
mp-707177,HC5N3(OF4)2,N/A,1.963071289224525,0.2,1.5
mp-698401,CuH11C5NO6,N/A,1.791605920415886,0.2,1.5
mp-698494,K2BiH5(CO2)5,N/A,2.837703744958337,0.2,1.5
mp-867518,CrH18C5(NO)4,N/A,1.280221246639992,0.2,1.5
mp-867519,MoH18C5(NO)4,N/A,1.457420547994576,0.2,1.5
mp-1196715,H9RhC5NO5,N/A,1.8218592983409332,0.2,1.5
mp-1196947,H12C5S2N2O5,N/A,1.317816915311119,0.2,1.5
mp-1201220,CuH9C5NO5,N/A,1.542383024488108,0.2,1.5
mp-1201393,Na6UH24C5O27,N/A,2.308167548116252,0.2,1.5
mp-1202280,Nb3H20C5Cl7O5,N/A,2.029935306980644,0.2,1.5
mp-1205040,ZnH22C5N18O17,N/A,1.731764170084983,0.2,1.5
mp-1212323,K3UH5C5O12,N/A,2.251073581019654,0.2,1.5
mp-560159,B6H21C5N2O,N/A,1.017799322102783,0.2,1.5
mp-775365,Al6H16C5(Cl2O)6,N/A,1.581298551888665,0.2,1.5
mp-1195209,HoH9C5(NO4)2,N/A,2.415968527366227,0.2,1.5
mp-1195360,TmH9C5(NO4)2,N/A,2.501744720979205,0.2,1.5
mp-1195588,SmH9C5(NO4)2,N/A,2.2159836531515182,0.2,1.5
mp-1195652,LuH9C5(NO4)2,N/A,2.5635668206979743,0.2,1.5
mp-1200680,DyH9C5(NO4)2,N/A,2.364953399,0.2,1.5
mp-1202653,LaH15C5Br3O5,N/A,2.046405075734184,0.2,1.5
mp-557509,MnH11C5NO6,N/A,1.678366447668603,0.2,1.5
mp-1190222,TmH9C5(NO4)2,N/A,2.542267476421051,0.2,1.5
mp-1190242,TbH9C5(NO4)2,N/A,2.417617384541222,0.2,1.5
mp-1190480,LuH9C5(NO4)2,N/A,2.664277800564083,0.2,1.5
mp-1190562,HoH9C5(NO4)2,N/A,2.496593832661818,0.2,1.5
mp-1190565,GdH9C5(NO4)2,N/A,2.348288107,0.2,1.5
mp-1190571,YH9C5(NO4)2,N/A,1.9784805827061822,0.2,1.5
mp-1190587,EuH9C5(NO4)2,N/A,2.1979015843846232,0.2,1.5
mp-675944,ErH9C5(NO4)2,N/A,2.577050626134916,0.2,1.5
mp-698454,DyH9C5(NO4)2,N/A,2.513531004,0.2,1.5
mp-728420,Mo2H5C5N3O14,N/A,1.998370912435005,0.2,1.5
mp-1198801,MnH11C5NO6,N/A,1.728828089613018,0.2,1.5
mp-1216152,ZnH9C5NO6,N/A,1.883562851302333,0.2,1.5
mp-1220790,NiH3C5NO6,N/A,1.973326274376159,0.2,1.5
mp-1226448,FeH9C5NO6,N/A,1.766204965933956,0.2,1.5
mp-1238486,MnH3C5NO6,N/A,1.828343585069598,0.2,1.5
mp-1179213,TeH15C5NOF6,N/A,1.7680229742499312,0.2,1.5
mp-1179533,TeH15C5NOF6,N/A,1.561562183712023,0.2,1.5
mp-1197429,K2UH4C5(NO6)2,N/A,2.675206381534874,0.2,1.5
mp-1198886,UP2H15C5NO13,N/A,2.142177721206743,0.2,1.5
mp-1199371,GaP2H15C5(NO4)2,N/A,1.861125784201188,0.2,1.5
mp-1203520,FeH12C5NCl2O5,N/A,1.4243832,0.2,1.5
mp-556018,LiBH15C5NO3,N/A,1.080170468099385,0.2,1.5
mp-600228,H8RuC5N(ClO)3,N/A,1.8492768453275792,0.2,1.5
mp-601902,Tl2HPtC5N5O,N/A,4.301880495364754,0.2,1.5
mp-605047,P2H6C5N2Cl4O,N/A,1.7164364865569781,0.2,1.5
mp-708184,H10C5S2N2(O2F3)2,N/A,1.6512911847060892,0.2,1.5
mp-1201642,Be3As3H9C5NO13,N/A,2.417671780792298,0.2,1.5
mp-735584,Rb2FeH2C5(N3O)2,N/A,2.180635522809504,0.2,1.5
mp-707294,ZnP2H15C5NO9,N/A,1.8030604033306492,0.2,1.5
mp-1194979,K2Nb3H11C5(Cl3O4)2,N/A,2.196387955349659,0.2,1.5
mp-1195156,Rb2Nb3H11C5(Cl3O4)2,N/A,2.576393647047338,0.2,1.5
mp-697108,K3HRhC5N5O,N/A,2.171310078670966,0.2,1.5
mp-559423,AgH8C5S2O2F3,N/A,2.027577278105089,0.2,1.5
mp-738726,ZrH16C5N2O3F4,N/A,1.682873311576696,0.2,1.5
mp-1202565,GaP2H15C5(NO4)2,N/A,1.8475649460180341,0.2,1.5
mp-540591,Na2FeH4C5(N2O)3,N/A,1.716282544421599,0.2,1.5
mp-695945,Na2H4RuC5(N2O)3,N/A,1.868107558946953,0.2,1.5
mp-1200704,H14C5SN3ClO2,N/A,1.182741127657709,0.2,1.5
mp-1195233,AlZnB5H20C5(NO2)5,N/A,1.728750584831575,0.2,1.5
mp-605461,K3UH6C5SNO13,N/A,2.557975323356009,0.2,1.5
mp-1201453,MnZnH22C5N10(Cl2O3)2,N/A,1.619127730522755,0.2,1.5
mp-1201753,ZnCoH22C5N10(Cl2O3)2,N/A,1.628210902369563,0.2,1.5
mp-1204771,H13RuC5SN2(ClO)3,N/A,1.643687805831176,0.2,1.5
mp-995204,H4C6O,N/A,1.382147785267415,0.2,1.5
mp-1225631,In3H11C6O19,N/A,2.804728087547999,0.2,1.5
mp-997581,H6C6NO,N/A,0.1214688,0.2,1.5
mp-1209104,SmH4(C3O4)2,N/A,2.815830713228454,0.2,1.5
mp-1201838,AlH16(C3O7)2,N/A,1.606072041252446,0.2,1.5
mp-1203308,H19C6N7O4,N/A,1.142668929400722,0.2,1.5
mp-1182589,CrH12C6(NO4)3,N/A,1.439811421733749,0.2,1.5
mp-777777,PH18C6N3O,N/A,1.080034694800176,0.2,1.5
mp-1214366,CaH6C6(ClO4)2,N/A,1.734606878947341,0.2,1.5
mp-1214678,CaH6C6(BrO4)2,N/A,2.201962895812861,0.2,1.5
mp-583429,CuH8C6(N3O)2,N/A,1.5684588390417131,0.2,1.5
mp-1195272,UH12C6N3O8,N/A,2.285257763549411,0.2,1.5
mp-1196287,H12C6S(N5O3)2,N/A,1.583724515373084,0.2,1.5
mp-1199782,CoH16C6(N3O4)2,N/A,1.840377665688968,0.2,1.5
mp-1202051,ZrHgH10C6O17,N/A,2.835199552872161,0.2,1.5
mp-1203397,ZrCdH10C6O17,N/A,2.465014332003719,0.2,1.5
mp-1204276,Zn3H6C6(IO6)2,N/A,2.664071016067087,0.2,1.5
mp-1204872,ZrH8Pb(C3O8)2,N/A,2.943013877650076,0.2,1.5
mp-1212653,K3FeH3(CO2)6,N/A,1.795568365554772,0.2,1.5
mp-1213612,FeH18C6N6O13,N/A,1.7306261582059022,0.2,1.5
mp-600168,CoH9C6(S2O)3,N/A,1.7309078023410351,0.2,1.5
mp-605078,Sn2H21C6ClO2,N/A,1.602506832292387,0.2,1.5
mp-698367,CrH9C6(S2O)3,N/A,1.633639675859974,0.2,1.5
mp-728942,CoHRu(CO)6,N/A,2.407966815279359,0.2,1.5
mp-744689,CoH18C6SO10,N/A,1.473387343964899,0.2,1.5
mp-850513,H12PtC6(N3O4)2,N/A,2.432978244313275,0.2,1.5
mp-863008,Fe2B3H7(CO)6,N/A,1.706914792619238,0.2,1.5
mp-1181484,FeH24C6(IO3)2,N/A,1.828977721090049,0.2,1.5
mp-1202638,CaH24C6(BrO3)2,N/A,1.391588106672176,0.2,1.5
mp-1195736,CuH11C6NO5,N/A,1.483801804,0.2,1.5
mp-1200249,ZnH24C6(N7O6)2,N/A,1.611727772,0.2,1.5
mp-1201486,SnH12C6(NO2)2,N/A,1.5561287419755931,0.2,1.5
mp-1201957,Na3FeH10C6O17,N/A,1.8823061420858522,0.2,1.5
mp-1211718,KH4C6O3F5,N/A,1.823371490664115,0.2,1.5
mp-698329,ZnH16C6(N3O5)2,N/A,1.762839296984747,0.2,1.5
mp-698350,Na3AlH10C6O17,N/A,1.807043432,0.2,1.5
mp-698352,Na3CrH10C6O17,N/A,1.867191303179308,0.2,1.5
mp-709019,Ca2CuH6(CO2)6,N/A,2.114174023,0.2,1.5
mp-1195368,SiH14C6(NO2)2,N/A,1.159191752,0.2,1.5
mp-1232363,CuH5C6SO,N/A,2.008725501856052,0.2,1.5
mp-1194648,SiH12C6(NO2)4,N/A,1.261644809953057,0.2,1.5
mp-1195829,H9C6N10ClO5,N/A,1.779031375912222,0.2,1.5
mp-1200968,H19C6N3ClO2,N/A,1.077492846368961,0.2,1.5
mp-1201894,P2H17C6NO2,N/A,1.349035958001048,0.2,1.5
mp-1203046,H3C6SeO3F5,N/A,2.044383958,0.2,1.5
mp-1203194,H19C6S2(NO2)5,N/A,1.354142727742272,0.2,1.5
mp-1210486,NaH10C6(NO)7,N/A,1.681492736042852,0.2,1.5
mp-1215103,AgH12C6N13O3,N/A,1.718494293170938,0.2,1.5
mp-1225095,HRuRh(CO)6,N/A,2.309733857319458,0.2,1.5
mp-1226333,CoH8C6(N3O)2,N/A,1.528599241029049,0.2,1.5
mp-1354499,H9C6N10ClO5,N/A,1.779031297,0.2,1.5
mp-554058,K3NdH6(C2O5)3,N/A,2.404733802860592,0.2,1.5
mp-555418,Rb3NbH4(C2O5)3,N/A,2.603371213467874,0.2,1.5
mp-695996,BaH8C6(N3O4)2,N/A,2.301509593814652,0.2,1.5
mp-726543,Na3CrH14(C3O8)2,N/A,1.7985245700809922,0.2,1.5
mp-738657,K3GdH6(C2O5)3,N/A,2.495400604019152,0.2,1.5
mp-758573,H16Ru3C6(Cl3O7)2,N/A,2.086858002785548,0.2,1.5
mp-774905,Li3CrH12(CO3)6,N/A,1.772900273844122,0.2,1.5
mp-805888,Li3CrH12(CO3)6,N/A,1.7729004559263482,0.2,1.5
mp-560619,AgH12C6N5O3,N/A,2.077058660541296,0.2,1.5
mp-1195643,VH12C6NO4,N/A,1.398530522014278,0.2,1.5
mp-1204319,H22Pt2C6SO6,N/A,2.730406967311167,0.2,1.5
mp-1237358,H22Pt2C6SO6,N/A,2.685643410591129,0.2,1.5
mp-558939,Na3MoH6(CO2)6,N/A,2.106164234335157,0.2,1.5
mp-709027,H20RuC6NO14,N/A,1.688748524213824,0.2,1.5
mp-1217415,UH14C6(NO2)6,N/A,2.211081824762517,0.2,1.5
mp-709058,K3ErH9(C3O7)2,N/A,2.232307853,0.2,1.5
mp-1195210,H18IrC6S3(ClO)3,N/A,1.765636342655761,0.2,1.5
mp-1223325,Li2Ni2H24C6(N4O5)3,N/A,1.901997133050951,0.2,1.5
mp-1223381,Li2Co2H24C6(N4O5)3,N/A,1.868490382767445,0.2,1.5
mp-698397,SnH24C6N2(OF3)2,N/A,1.644031798,0.2,1.5
mp-1195960,CaH24C6Br2(N2O)6,N/A,1.807199107579074,0.2,1.5
mp-1196281,UH16C6Se(NO2)4,N/A,2.4253673398374582,0.2,1.5
mp-1197408,FeH12C6N(ClO2)2,N/A,1.401351364353282,0.2,1.5
mp-1197878,SmP2H16C6NO13,N/A,2.1786867311462332,0.2,1.5
mp-1201006,P2H18WC6(ClO2)2,N/A,1.805078508779781,0.2,1.5
mp-1202452,SnH12C6S2(NO)2,N/A,1.611464324644528,0.2,1.5
mp-1203951,Mo2H18C6NClO7,N/A,1.7895553124339911,0.2,1.5
mp-1203956,MnSnH16C6S3O11,N/A,2.023988504099564,0.2,1.5
mp-1204761,HoH6C6Cl3(O3F2)3,N/A,2.232845442,0.2,1.5
mp-1209405,SrH6C6S2N2O7,N/A,1.931956198,0.2,1.5
mp-559674,PH16C6S2NO4,N/A,1.365166464128919,0.2,1.5
mp-605302,DyH6C6Cl3(O3F2)3,N/A,2.260194977552492,0.2,1.5
mp-605688,GdH6C6Cl3(O3F2)3,N/A,2.185009809,0.2,1.5
mp-707907,MgH24C6N12(ClO6)2,N/A,1.604519309,0.2,1.5
mp-729102,Mo2AsH18C6NO12,N/A,2.083253756976184,0.2,1.5
mp-735489,KCaCrH10C6O17,N/A,1.883813104141385,0.2,1.5
mp-849790,SiH21C6N2OF5,N/A,1.441333919519826,0.2,1.5
mp-600224,Mo12PH24C6N3O40,N/A,3.134315468368979,0.2,1.5
mp-744721,CrCo3H24C6(N10O11)3,N/A,1.725945393,0.2,1.5
mp-1196356,NiH24C6S6(N7O3)2,N/A,1.483519649,0.2,1.5
mp-1200588,Zn3P4H24C6(NO6)2,N/A,1.8390619430315662,0.2,1.5
mp-1200993,MoH14C6N2(O2F)2,N/A,1.745221117164245,0.2,1.5
mp-698354,P3H18OsC6(SO)6,N/A,2.057982577774565,0.2,1.5
mp-698364,P3H18RuC6(SO)6,N/A,1.782174941236252,0.2,1.5
mp-728403,CrP3H18C6(SO)6,N/A,1.6123090363078232,0.2,1.5
mp-734836,ZnH12C6S2(N5O)2,N/A,1.603849787272448,0.2,1.5
mp-746355,FeP3H18C6(SO)6,N/A,1.608726955,0.2,1.5
mp-1198421,NaMgAlH18(C2O7)3,N/A,1.612583545717902,0.2,1.5
mp-1180044,PH24W12C6N3O40,N/A,4.508619311358419,0.2,1.5
mp-720800,Mo12PH24C6N3O40,N/A,3.137807447158399,0.2,1.5
mp-729152,SiMo12H24C6N3O40,N/A,3.161102770463274,0.2,1.5
mp-1203248,TiH24C6I3(N2O)6,N/A,1.9516931373188102,0.2,1.5
mp-23772,TbAg3H6C6(N2O)3,N/A,3.139331855196344,0.2,1.5
mp-542688,LaH6Au3C6(N2O)3,N/A,4.141596989,0.2,1.5
mp-1198893,CuH16C6S4(NO)6,N/A,1.670002317445421,0.2,1.5
mp-1199099,Cu3P4H24C6(NO8)2,N/A,2.104680849299869,0.2,1.5
mp-1210735,MgH8C6S2(NO4)2,N/A,1.811302534785352,0.2,1.5
mp-1214326,CaH8C6S2(NO4)2,N/A,1.808543583039605,0.2,1.5
mp-553984,AsP3H18C6(SO)6,N/A,1.558266763117641,0.2,1.5
mp-558613,VH16C6N6O7F2,N/A,1.596859759239618,0.2,1.5
mp-559034,H18PbC6S4N2O9,N/A,2.199926739430271,0.2,1.5
mp-561074,H14RhC6NClO4,N/A,1.732271137981231,0.2,1.5
mp-774726,Cu2H26C6S7N12O5,N/A,1.770183821189379,0.2,1.5
mp-699265,BH6Ru3C6O19F4,N/A,2.312938137616921,0.2,1.5
mp-1195446,CoH24C6Br2(N2O3)2,N/A,1.352440157778978,0.2,1.5
mp-1198412,SmFeH8C6(N3O2)2,N/A,1.9109221604865292,0.2,1.5
mp-1200936,ErCoH8C6(N3O2)2,N/A,2.382799234125843,0.2,1.5
mp-1201732,PrFeH8C6(N3O2)2,N/A,1.808787538256424,0.2,1.5
mp-745208,DyFeH8C6(N3O2)2,N/A,2.284074520467843,0.2,1.5
mp-744001,Fe2H13C6NCl2O11,N/A,1.803157817142329,0.2,1.5
mp-1195389,P2H16PbC6(NO3)2,N/A,1.987651071452086,0.2,1.5
mp-1195359,ErH10C6S6N3O17F18,N/A,2.209601589743155,0.2,1.5
mp-1195523,TbH10C6S6N3O17F18,N/A,2.202997648231888,0.2,1.5
mp-1196568,SmH10C6S6N3O17F18,N/A,2.147168993,0.2,1.5
mp-1200735,K2HgH4PtC6(N3O)2,N/A,2.729271439170499,0.2,1.5
mp-696056,K2H4PtC6S6(N3O)2,N/A,2.303503810589184,0.2,1.5
mp-706304,H18RuC6S3N3ClO3,N/A,1.809992471460078,0.2,1.5
mp-1203976,CdRe2H26C6S6(N4O3)3,N/A,2.240591439151732,0.2,1.5
mp-698312,K4H4PtC6S2(NO6)2,N/A,2.36068519,0.2,1.5
mp-728213,ZnCrH28C6N12Cl5O8,N/A,1.627181657673776,0.2,1.5
mp-1196552,H26OsC6S6Br3N12O,N/A,2.016309579506242,0.2,1.5
mp-705526,H16AuC6S2N4ClO4,N/A,2.141869182195723,0.2,1.5
mp-24765,KHoH8RuC6(N3O2)2,N/A,2.5907501600899643,0.2,1.5
mp-1195904,AlZnB5H21C6(NO2)5,N/A,1.7515165392921932,0.2,1.5
mp-1203926,H13RuC6SN4O8F9,N/A,2.012744161404331,0.2,1.5
mp-1201374,Cs2CaAg2H4C6S6(N3O)2,N/A,2.286724010169966,0.2,1.5
mp-30184,H4C7O,N/A,1.297607193,0.2,1.5
mp-1202014,VH16C7O6,N/A,1.254337928598162,0.2,1.5
mp-1199577,H7C7(NO2)3,N/A,1.346126614759479,0.2,1.5
mp-1200273,H21C7S3N3O8,N/A,1.526668972657146,0.2,1.5
mp-1215075,AgH2C7O3F5,N/A,2.327300853939073,0.2,1.5
mp-601190,H7WC7NO5,N/A,2.220436167583043,0.2,1.5
mp-1196270,UH18C7(N2O3)4,N/A,2.1607336154500922,0.2,1.5
mp-1197778,Nd2H12C7N2O17,N/A,2.686727557,0.2,1.5
mp-604583,RbH5C7SO5,N/A,1.925443774576598,0.2,1.5
mp-684698,Sn2As2H22C7(ClO2)2,N/A,2.063450318749638,0.2,1.5
mp-1196098,GdH22C7NCl2O9,N/A,1.9630098141953392,0.2,1.5
mp-1200340,MoH20C7NClO6,N/A,1.485206425651182,0.2,1.5
mp-1197579,CrHC7NO5F2,N/A,1.555366596620016,0.2,1.5
mp-555250,AgH9C7S2(OF)4,N/A,2.0789423063791492,0.2,1.5
mp-605676,AgH8C7S2O2F7,N/A,2.119016596753227,0.2,1.5
mp-1198212,CsMo2H2C7S7(OF)21,N/A,2.147192803801426,0.2,1.5
mp-738597,H24RuC7S3NCl3O4,N/A,1.742609656818071,0.2,1.5
mp-1204104,SiAgH16C7S3(OF)3,N/A,1.578587286203843,0.2,1.5
mp-554187,SnH21C7S4N(O3F)2,N/A,1.639614549841645,0.2,1.5
mp-1204115,Cd2H18C8O17,N/A,2.167871269924547,0.2,1.5
mp-1204488,Cu3H10(C4O7)2,N/A,2.507762458061015,0.2,1.5
mp-707289,H5C8NO2,N/A,1.419285109520401,0.2,1.5
mp-998880,H9C8NO2,N/A,1.224221525412422,0.2,1.5
mp-1196548,H9C8NO9,N/A,1.627680662244493,0.2,1.5
mp-1197902,H14Pb6C8O13,N/A,4.709148465266281,0.2,1.5
mp-1199472,H14Pb6C8O13,N/A,4.561131403718683,0.2,1.5
mp-1200906,CdH10(C2O3)4,N/A,1.960226656646944,0.2,1.5
mp-1222084,Mn4H2C8O17,N/A,2.497463679021849,0.2,1.5
mp-1227890,Ca4H16C8O25,N/A,1.907026547261768,0.2,1.5
mp-677203,H24C8Se(NO2)2,N/A,1.383975221982947,0.2,1.5
mp-695436,H24C8S(NO2)2,N/A,1.217719222293564,0.2,1.5
mp-1211107,Li2H12C8N2O13,N/A,1.581982473391063,0.2,1.5
mp-1195524,SiH12C8(NO2)8,N/A,1.5152980479524372,0.2,1.5
mp-698432,CrSb2H12(C2O)4,N/A,2.214005523238353,0.2,1.5
mp-1203996,Sn2H10C8N2O13,N/A,2.19150997,0.2,1.5
mp-707249,H24C8S(NO2)2,N/A,1.216515841706898,0.2,1.5
mp-1194877,SiH16C8(NO2)4,N/A,1.399054091378913,0.2,1.5
mp-1197470,CrB6H36(C4O)2,N/A,0.8830592757844441,0.2,1.5
mp-1199620,Li2H10C8O7F18,N/A,1.8098152826119982,0.2,1.5
mp-1201482,NaMo2H25(C4O5)2,N/A,1.6244940150619152,0.2,1.5
mp-1201768,CrB6H32(C4O)2,N/A,0.9065597776723351,0.2,1.5
mp-1210344,SmH13C8N6O13,N/A,2.216251609366701,0.2,1.5
mp-706605,K4ZrH10C8O21,N/A,1.9918954328459542,0.2,1.5
mp-728473,Cr3H24C8(NO5)2,N/A,1.535566465,0.2,1.5
mp-1195037,Co3H18C8(N3O4)2,N/A,1.580459168526856,0.2,1.5
mp-1196843,CrSb2H12C8O5,N/A,2.037153072,0.2,1.5
mp-1198963,K5TbH8(CO2)8,N/A,2.227480003416997,0.2,1.5
mp-1203196,H2Os3C8(SO4)2,N/A,3.453685745060724,0.2,1.5
mp-1222907,LiPH22(C2O)4,N/A,0.828940401,0.2,1.5
mp-698361,CuH36C8(N5O4)2,N/A,1.411217999385618,0.2,1.5
mp-707973,CuH22C8N10O,N/A,1.524918635980099,0.2,1.5
mp-738609,LiH20C8BrO4,N/A,1.323062716151207,0.2,1.5
mp-738610,LiH20C8ClO4,N/A,1.129971754404703,0.2,1.5
mp-738611,LiAsH20(C2O)4,N/A,1.193110923416687,0.2,1.5
mp-738684,K5YH8(CO2)8,N/A,2.061079762522368,0.2,1.5
mp-1199757,Mo6H24C8N2O19,N/A,2.353110687928592,0.2,1.5
mp-1194812,Fe2H14C8NO12,N/A,1.660166750985519,0.2,1.5
mp-1200655,BiH25C8(SO2)6,N/A,1.928591183313086,0.2,1.5
mp-1201428,V5H28C8N13O17,N/A,1.8768388395084301,0.2,1.5
mp-1212328,K4Re2H3(C4O9)2,N/A,2.730440288651219,0.2,1.5
mp-1212587,H3C8N2Cl3O2,N/A,1.3834900815132531,0.2,1.5
mp-1222377,Mg3ZnH24(CO3)8,N/A,1.755616517787726,0.2,1.5
mp-1412519,Na2Cu3H8(CO2)8,N/A,2.101494884015084,0.2,1.5
mp-510474,Na2Cu3H8(CO2)8,N/A,2.148400006,0.2,1.5
mp-707792,H2Ru3C8SO8,N/A,2.317538831837629,0.2,1.5
mp-722674,K4Tc2H6C8O21,N/A,2.238386712063779,0.2,1.5
mp-728793,MnH30C8(N13O9)2,N/A,1.722387157863505,0.2,1.5
mp-1217479,ThUH8(C2O5)4,N/A,3.256711691,0.2,1.5
mp-867517,V2Sn4H24C8O9,N/A,2.336410781494183,0.2,1.5
mp-1198023,MnH14C8(NO3)2,N/A,1.421050983,0.2,1.5
mp-1204503,CdH14C8(NO3)2,N/A,1.6409645728706401,0.2,1.5
mp-1213638,H6C8I3NO5,N/A,2.522843100698932,0.2,1.5
mp-555813,H12RhC8NO6,N/A,1.651697773378821,0.2,1.5
mp-1195054,Na4Cu4H18C8O23,N/A,2.098873404,0.2,1.5
mp-1197334,V2H6C8N2O13,N/A,1.283375896618443,0.2,1.5
mp-1199286,H25C8IN2(OF2)2,N/A,1.577597255639883,0.2,1.5
mp-1200331,MgB2H4C8(N4O)2,N/A,1.314517184184806,0.2,1.5
mp-1197122,UH24C8N2(Cl2O)2,N/A,1.7439429688514392,0.2,1.5
mp-1203606,PuH24C8N2(Cl2O)2,N/A,1.6522838768878612,0.2,1.5
mp-1182055,CoH32C8S4(NO5)2,N/A,1.207013545762054,0.2,1.5
mp-1182596,CoH32C8S4(NO5)2,N/A,1.556019103827194,0.2,1.5
mp-1196129,Na2Fe3P2H2(C4O9)2,N/A,2.371740474039475,0.2,1.5
mp-1197360,Na2Mn3P2H2(C4O9)2,N/A,2.278260563874228,0.2,1.5
mp-1198805,FeH12C8S2(N3O)2,N/A,1.525767429478132,0.2,1.5
mp-1203870,CoH12C8S2(N3O)2,N/A,1.419712962146687,0.2,1.5
mp-1215066,Cd5H18C8N20(Cl2O)2,N/A,2.712311182,0.2,1.5
mp-554559,NiH32C8S4(NO5)2,N/A,1.5718055049220672,0.2,1.5
mp-600234,CoH32C8S4(NO5)2,N/A,1.450141546069472,0.2,1.5
mp-654887,CoH32C8S4(NO5)2,N/A,1.32007807,0.2,1.5
mp-721235,VH24C8S2N2O9,N/A,1.491182288404064,0.2,1.5
mp-773025,H48PtW6C8(NO)24,N/A,3.239930555173032,0.2,1.5
mp-720809,CoMo8H36C8(NO16)2,N/A,2.607872086335122,0.2,1.5
mp-562139,LiCoH24C8(N2O3)4,N/A,1.591070727870319,0.2,1.5
mp-738680,ZrH27C8N2Cl5O2,N/A,1.411399216595982,0.2,1.5
mp-1193229,MnH12C8S2(NO)2,N/A,1.253608293136035,0.2,1.5
mp-1193721,FeH12C8S2(NO)2,N/A,1.320060755221232,0.2,1.5
mp-1194277,CrH12C8S2(NO)2,N/A,1.272766404,0.2,1.5
mp-1198806,NaMo3H29C8(BrO2)4,N/A,1.918873258,0.2,1.5
mp-1201666,V12CoH24C8(NO16)2,N/A,2.137622007542057,0.2,1.5
mp-1203137,Sn2As2H24C8S2O3,N/A,1.811385373247433,0.2,1.5
mp-1212169,K2CdH2C8(N3O4)2,N/A,2.161306315903833,0.2,1.5
mp-603946,AgMo4H22C8(NO5)3,N/A,2.629893143787775,0.2,1.5
mp-1200392,U6H24C8S7(NO21)2,N/A,3.539467219831458,0.2,1.5
mp-600211,Mo2H26C8N2O5F6,N/A,1.891394752,0.2,1.5
mp-1217853,SrZrCdH8(C4O11)2,N/A,2.177261082828681,0.2,1.5
mp-1218664,Sr3CaAl8H24(C2O11)4,N/A,2.660028906082054,0.2,1.5
mp-1204048,B2H26C8N20Cl2O,N/A,1.412020954899922,0.2,1.5
mp-1199791,BeH24C8S4(ClO2)2,N/A,1.2270542455053701,0.2,1.5
mp-735597,K4H4WC8(N4O)2,N/A,2.171729715129002,0.2,1.5
mp-1199347,Zn3P4H28C8(NO6)2,N/A,1.751468606414064,0.2,1.5
mp-1201289,K2CaZrH16(CO3)8,N/A,1.959882690773644,0.2,1.5
mp-698292,K2ZrCdH16(CO3)8,N/A,2.204433611,0.2,1.5
mp-1202667,NiP2H26C8S4(NO)2,N/A,1.346115161915889,0.2,1.5
mp-542553,Cu3As4H18C8Br3(NO2)2,N/A,2.569202916478781,0.2,1.5
mp-542554,Cu3As4H18C8I3(NO2)2,N/A,2.780915314387916,0.2,1.5
mp-605196,CsCu3As8H24C8(IO2)4,N/A,3.030200694746514,0.2,1.5
mp-711343,H2RuC8S3N(ClO)3,N/A,1.378981920296889,0.2,1.5
mp-698252,KV2H2C8N2(OF)5,N/A,1.6949453055002972,0.2,1.5
mp-1204081,Cu3MoH24C8S3I3N2O,N/A,2.194279466723643,0.2,1.5
mp-728472,FeP2H24C8S4NClO4,N/A,1.472408526458018,0.2,1.5
mp-746679,CoP2H24C8S4NClO4,N/A,1.493179441424361,0.2,1.5
mp-1202110,Zn3H12C9O13,N/A,1.911588559418555,0.2,1.5
mp-1196498,H27C9S2N3O5,N/A,1.141882028559312,0.2,1.5
mp-1198661,CrP2H14C9O4,N/A,1.266915760258392,0.2,1.5
mp-1200227,LiSi4H27(C3O)3,N/A,0.960311338,0.2,1.5
mp-1202589,ZnH5C9N4O5,N/A,1.848287107478169,0.2,1.5
mp-605684,Mg3H13C9NO13,N/A,1.590838616508785,0.2,1.5
mp-709068,H21OsC9NO7,N/A,1.948257028353018,0.2,1.5
mp-1197910,KSi4H27(C3O)3,N/A,0.932647126,0.2,1.5
mp-698318,CuSi2H18C9O2,N/A,1.294152283,0.2,1.5
mp-1198875,P2H32C9(N3O2)6,N/A,1.5820307906935192,0.2,1.5
mp-1203895,KMo2H29C9O11,N/A,1.499692036886057,0.2,1.5
mp-1224650,HW2C9NO10,N/A,2.5876288468243382,0.2,1.5
mp-707319,BiH3Ru3(CO)9,N/A,2.915590632691399,0.2,1.5
mp-720439,H4Ru3C9N2O9,N/A,2.328703337640044,0.2,1.5
mp-1224668,HW2C9NO10,N/A,2.614834717281184,0.2,1.5
mp-1201093,YH24C9(N3O4)3,N/A,1.371246985347241,0.2,1.5
mp-720100,NaH18C9I(NO)3,N/A,1.111619452399756,0.2,1.5
mp-1194856,P3H21C9S2(OF)6,N/A,1.453553904429652,0.2,1.5
mp-1196729,PH30W12C9N3O40,N/A,4.112817642,0.2,1.5
mp-558263,YH24C9N6(ClO)3,N/A,1.444812803647947,0.2,1.5
mp-1202331,MoP3H27C9I2O,N/A,1.655367392619657,0.2,1.5
mp-1173427,P2H26AuC9Cl3O4,N/A,1.6016939015760192,0.2,1.5
mp-1202475,AgH24C9S3N6ClO4,N/A,1.599469160754888,0.2,1.5
mp-562835,GaCoPH18C9NCl2O3,N/A,1.478737143570802,0.2,1.5
mp-707412,H22C10O3,N/A,0.8422500288761331,0.2,1.5
mp-707910,H22C10O3,N/A,1.044649947491322,0.2,1.5
mp-1197486,Zn3H10C10O13,N/A,1.973105995859211,0.2,1.5
mp-1204132,Zn3H14C10O13,N/A,1.9491418074752742,0.2,1.5
mp-600347,H2Os3(CO)10,N/A,3.395002257716926,0.2,1.5
mp-723031,H4Os3C10O9,N/A,3.551343040529651,0.2,1.5
mp-560961,H11C10NO8,N/A,1.492577267771067,0.2,1.5
mp-698295,CoH14C10(N4O)2,N/A,1.440193075,0.2,1.5
mp-698298,NiH14C10(N4O)2,N/A,1.483356460633976,0.2,1.5
mp-1196522,UH17C10N3O10,N/A,1.837386039,0.2,1.5
mp-559247,Ni3H12C10NO6,N/A,1.819809910160512,0.2,1.5
mp-1195162,Ba3V2H12(C5O14)2,N/A,2.473957385552301,0.2,1.5
mp-1200221,Nd2H22C10(N2O7)3,N/A,2.262965253444373,0.2,1.5
mp-1197521,H6PbC10N8O7,N/A,2.401858958859377,0.2,1.5
mp-706652,HOs3C10ClO10,N/A,3.395206650950866,0.2,1.5
mp-743548,KCr2H(CO)10,N/A,1.671313869227188,0.2,1.5
mp-1227848,Cr2H28C10N6O7,N/A,1.395257527651502,0.2,1.5
mp-707771,H3Ru3C10ClO9,N/A,2.333858828603086,0.2,1.5
mp-1173817,NaAlH22C10(NO6)2,N/A,1.337798317992757,0.2,1.5
mp-720519,KCd2H8C10N15O4,N/A,1.9059620665009152,0.2,1.5
mp-1194781,B10H14C10S(OF2)3,N/A,1.347782961774141,0.2,1.5
mp-1214998,CoH40C10Br2(N2O)10,N/A,1.597989464355948,0.2,1.5
mp-707720,MgH40C10Br2(N2O)10,N/A,1.527288268907696,0.2,1.5
mp-1195110,NaFeH22C10(NO6)2,N/A,1.4538821852755581,0.2,1.5
mp-1204310,TiH30C10S5(ClO3)2,N/A,1.363054028259861,0.2,1.5
mp-567268,GdH8C10N(O2F3)4,N/A,2.216251126417679,0.2,1.5
mp-698271,Ca3Ni2H8C10(S4O13)2,N/A,1.8305402083146491,0.2,1.5
mp-1196770,Rb4Na2Mn2H12C10N11O6,N/A,1.9505953473964652,0.2,1.5
mp-1197490,KFe3H(CO)11,N/A,1.917037554947877,0.2,1.5
mp-1195418,SiH23C11N3O8,N/A,1.156026617839431,0.2,1.5
mp-1199714,HgP5H27C11(OF)6,N/A,1.6423542429204052,0.2,1.5
mp-1196439,Sn2PH32C11N3Cl2O,N/A,1.365462122878344,0.2,1.5
mp-1198563,V6H36C12O19,N/A,1.638573681695303,0.2,1.5
mp-1217000,VH26(C3O)4,N/A,0.944794608,0.2,1.5
mp-1210672,Nd2H13(CO)12,N/A,1.700271349971147,0.2,1.5
mp-1196367,UAs2H12(C3O2)4,N/A,2.617927803301149,0.2,1.5
mp-1201422,V2H28C12Cl2O7,N/A,1.277274787428518,0.2,1.5
mp-1202086,Mg3H43C12O12F,N/A,1.117920964058089,0.2,1.5
mp-707931,H3Os4C12ClO12,N/A,3.560355015551756,0.2,1.5
mp-728736,Mn2PH9(C4O3)3,N/A,1.614335065705261,0.2,1.5
mp-728768,K3Mn3H2C12O13,N/A,2.145928276317128,0.2,1.5
mp-1196572,KYH14(C2O3)6,N/A,1.984719408885482,0.2,1.5
mp-1197564,NpH28C12(N2O3)6,N/A,2.073007519022381,0.2,1.5
mp-1198041,H3Os4C12IO12,N/A,3.561592991042423,0.2,1.5
mp-1200732,ThH28C12(N2O3)6,N/A,2.017107885464463,0.2,1.5
mp-1194720,Zn3H24C12Br11O6,N/A,2.519204128150656,0.2,1.5
mp-1194806,Zn3H24C12(Br4O3)2,N/A,2.347275378370899,0.2,1.5
mp-1195346,Zn2H24C12Br7O6,N/A,2.213759499784368,0.2,1.5
mp-1196398,Si6Sb2H36(C4O)3,N/A,1.3170413139159551,0.2,1.5
mp-1198193,Nb5H50C12(NO7)3,N/A,1.9857273983020791,0.2,1.5
mp-1201449,CuH38C12(S4O7)2,N/A,1.500058441902307,0.2,1.5
mp-1202968,Si2H36C12N6O7,N/A,1.065295945091348,0.2,1.5
mp-1212320,HgH4C12O3F8,N/A,2.295194598839932,0.2,1.5
mp-1238117,HgH4C12O3F8,N/A,2.610347952603999,0.2,1.5
mp-558641,FeH44C12(N5O8)2,N/A,1.473296106298593,0.2,1.5
mp-731160,H3Ru3Rh(CO)12,N/A,2.487160319920828,0.2,1.5
mp-746662,NiH44C12(N5O8)2,N/A,1.490200448,0.2,1.5
mp-1197493,UH25C12NO8,N/A,1.851169575185144,0.2,1.5
mp-1199687,Si6As2H36(C4O)3,N/A,1.203816309859115,0.2,1.5
mp-1214359,Cd3H28C12(N15O)2,N/A,2.199163731820175,0.2,1.5
mp-1198280,Li2H32Pt(C6O)2,N/A,1.382566928678501,0.2,1.5
mp-1225321,Na12DyY3H48(CO5)12,N/A,2.199585072579931,0.2,1.5
mp-720082,KCd6H4C12ClO26,N/A,3.190451732743901,0.2,1.5
mp-1196506,Zr5Si6H36C12(Br10O3)2,N/A,2.419583870061094,0.2,1.5
mp-1197156,NiH20C12S2(NO4)2,N/A,1.538250686,0.2,1.5
mp-1198552,Ta2H36C12N6Cl2O,N/A,1.878412501275613,0.2,1.5
mp-1197279,HgH12C12S2(NO2)2,N/A,1.9305715826275112,0.2,1.5
mp-1178630,Zr6BH42C12I13O12,N/A,2.979293584927582,0.2,1.5
mp-1182632,FeH36C12S6(BrO2)3,N/A,1.573702079883239,0.2,1.5
mp-1228969,Ba16Ca2HC12N25O4,N/A,4.284939628956469,0.2,1.5
mp-23830,CrH36C12S6(ClO2)3,N/A,1.424771388804025,0.2,1.5
mp-24279,AlH36C12S6(IO2)3,N/A,1.6920577854949732,0.2,1.5
mp-24280,GaH36C12S6(IO2)3,N/A,1.773124536771499,0.2,1.5
mp-24281,InH36C12S6(IO2)3,N/A,1.8714842733954271,0.2,1.5
mp-24764,AlH36C12S6(ClO2)3,N/A,1.3765397640480042,0.2,1.5
mp-766473,NiH36C12S6(I2O3)2,N/A,2.011587135058879,0.2,1.5
mp-1215051,Ba2H14C12S4N4O15,N/A,2.277573068323237,0.2,1.5
mp-1180427,NiH44C12N8(ClO5)2,N/A,1.302925580312805,0.2,1.5
mp-1196143,Na2U2MnH8(C3O7)4,N/A,3.239084406185278,0.2,1.5
mp-1196382,NiH44C12N8(ClO5)2,N/A,1.121640860612986,0.2,1.5
mp-1196668,CeP4H50C12Cl3O11,N/A,1.391171736045939,0.2,1.5
mp-1199348,CuH44C12N8(ClO5)2,N/A,1.327471186215387,0.2,1.5
mp-1199405,H16AuC12S2N3O4,N/A,1.746182651154265,0.2,1.5
mp-1200531,MnH44C12N8(ClO5)2,N/A,1.295739562,0.2,1.5
mp-1200644,CaH36W6C12S6O25,N/A,2.784906574738521,0.2,1.5
mp-1201346,Na2U2FeH8(C3O7)4,N/A,3.205253979802615,0.2,1.5
mp-1201788,Na2U2CoH8(C3O7)4,N/A,3.255457505535267,0.2,1.5
mp-1202403,Na2U2ZnH8(C3O7)4,N/A,3.232083447730664,0.2,1.5
mp-1204914,V6SbH35C12Cl8O19,N/A,1.815909336822487,0.2,1.5
mp-1210852,Na2NiH20C12(N2O3)6,N/A,1.767246396551207,0.2,1.5
mp-1238563,H16AuC12S2N3O4,N/A,2.034482740508526,0.2,1.5
mp-1348675,NiH44C12N8(ClO5)2,N/A,1.386237126504181,0.2,1.5
mp-1351567,CuH44C12N8(ClO5)2,N/A,1.327471164087724,0.2,1.5
mp-708015,Na2CuH20C12(N2O3)6,N/A,1.896893635919724,0.2,1.5
mp-746343,NiH44C12N8(ClO5)2,N/A,1.386237323491247,0.2,1.5
mp-818718,NiH44C12N8(ClO5)2,N/A,1.386237126504181,0.2,1.5
mp-1197899,MnH28C12Br2(N4O)2,N/A,1.7349231177656321,0.2,1.5
mp-1195132,Si4MoH36C12(NO)2,N/A,0.978257279,0.2,1.5
mp-1199420,CoP2H36C12Br2(N3O)2,N/A,1.354500429966736,0.2,1.5
mp-1204389,NaCeMo8H40C12(S3O17)2,N/A,2.289559091320344,0.2,1.5
mp-698303,MnP2H36C12N6(ClO)2,N/A,1.2644991980703622,0.2,1.5
mp-1194814,HgTe5H36C12N3(OF5)5,N/A,2.4860625000786722,0.2,1.5
mp-1202468,UP2H36C12Br2(N3O2)2,N/A,1.7878132441752541,0.2,1.5
mp-721193,H2Ru4(CO)13,N/A,2.452517534817598,0.2,1.5
mp-1198469,LaH40C13N9O19,N/A,1.367606320686858,0.2,1.5
mp-734828,CoHRu3(CO)13,N/A,2.422528668270526,0.2,1.5
mp-1196190,KH25C13(NO4)2,N/A,1.169457976411219,0.2,1.5
mp-1196440,ZnSi4H35C13ClO,N/A,0.9846143929238421,0.2,1.5
mp-1199669,ZnSi3GeH35C13ClO,N/A,1.081586893,0.2,1.5
mp-1195191,Mo2H33C13S2N4Cl3O5,N/A,1.456307580180515,0.2,1.5
mp-1200564,ZnSi3GeH35C13BrO,N/A,1.152630420396295,0.2,1.5
mp-1203730,InSi4H39C14O,N/A,1.101049125337501,0.2,1.5
mp-1199718,Mg6H12C14NO24,N/A,1.326247776,0.2,1.5
mp-1199188,Ti2Si7H42C14(Cl3O)2,N/A,1.207549414871717,0.2,1.5
mp-1204634,UH42C14S7Cl4O7,N/A,1.653651811878488,0.2,1.5
mp-1196633,HgH36C14S8(O2F)6,N/A,1.678754344075319,0.2,1.5
mp-1208461,UCr4H48C14(N15O11)2,N/A,1.920454717177977,0.2,1.5
mp-1202315,TiSi7H42C14(ClO)2,N/A,0.9961385600739311,0.2,1.5
mp-1229326,Al8P8H22C14N4O33F2,N/A,1.9324867276342732,0.2,1.5
mp-1202559,Ga6P8H56C14N7O32F,N/A,1.9866505957592482,0.2,1.5
mp-1225035,LaP2H44C14N7(Cl2O)2,N/A,1.410824182342426,0.2,1.5
mp-1199608,Al4H12C15O31,N/A,1.705854777025647,0.2,1.5
mp-1200504,Ga4H12C15O31,N/A,1.9906069169613931,0.2,1.5
mp-1201928,Fe4H12C15O31,N/A,1.7801967729565762,0.2,1.5
mp-1202076,In4H12C15O31,N/A,2.014505397181603,0.2,1.5
mp-1197352,InSi4H41C15O,N/A,1.092521097999819,0.2,1.5
mp-740758,H2Os4Pt(CO)15,N/A,3.692482511215948,0.2,1.5
mp-1200727,H19PbC15S2N3O5,N/A,1.7967412097679571,0.2,1.5
mp-729296,Ni5SbH17C15NO9,N/A,2.168696026,0.2,1.5
mp-1204520,AgB10P2H40C15NCl2O3,N/A,1.261627772768507,0.2,1.5
mp-707849,H2Os5(CO)16,N/A,3.693786173949759,0.2,1.5
mp-1196309,Cr3P2H40(C8O5)2,N/A,1.195627445763751,0.2,1.5
mp-707478,H6Os5Pt(CO)16,N/A,3.655814009517757,0.2,1.5
mp-707833,HRu6C16NO16,N/A,2.722950379080998,0.2,1.5
mp-1205138,Si2Sn2H41C16O3,N/A,1.273686762421998,0.2,1.5
mp-1199399,TiSi7H48(C8O)2,N/A,0.949531348,0.2,1.5
mp-1203292,Na2Co7H16(CO2)16,N/A,2.135235283000166,0.2,1.5
mp-677715,B3H60C16(NO)12,N/A,0.84702462,0.2,1.5
mp-699412,B3H52C16(NO)12,N/A,0.857415873,0.2,1.5
mp-600208,ZrH36C16(NO4)4,N/A,1.472788187665075,0.2,1.5
mp-720215,K7H12Pt4C16(N8O3)2,N/A,2.744975522569331,0.2,1.5
mp-1201227,H24AuC16S2N3O4,N/A,1.601698856539481,0.2,1.5
mp-558106,SnH58C16S4(N11O9)2,N/A,1.494107715625508,0.2,1.5
mp-729907,NiH48C16S8(NO7)2,N/A,1.351800624779447,0.2,1.5
mp-1196128,LiAlH8C16(O2F9)4,N/A,2.031863901034636,0.2,1.5
mp-605172,Cu3As2H16C16Br3(NO)2,N/A,2.259156649631216,0.2,1.5
mp-720808,H2Ru6(CO)17,N/A,2.722326402197006,0.2,1.5
mp-720469,H6Os5Pt2(CO)17,N/A,3.890837294886697,0.2,1.5
mp-1204268,CoB10H31C18O,N/A,1.179671664,0.2,1.5
mp-1328759,K2Mn7H18(C9O20)2,N/A,2.126829344287647,0.2,1.5
mp-707923,HOs6C18S2O19,N/A,3.688950198043758,0.2,1.5
mp-720807,H2Ru6C18SO20,N/A,2.554395315231771,0.2,1.5
mp-729593,HOs6C18S2O19,N/A,3.688949978166009,0.2,1.5
mp-746793,K2Mn7H18(C9O20)2,N/A,2.008480836495859,0.2,1.5
mp-1199814,NiH48C18S6(N7O3)2,N/A,1.263945898417011,0.2,1.5
mp-1229246,B2P6H60Ir2C18O3F8,N/A,1.656237782525027,0.2,1.5
mp-1050641,Na3Bi2H42C18I9(N2O3)3,N/A,2.423651389,0.2,1.5
mp-738637,Na3Bi2H42C18I9(N2O3)3,N/A,2.423458423095963,0.2,1.5
mp-720532,HOs7C20O19,N/A,3.873334732180508,0.2,1.5
mp-723248,Re5H4(CO)20,N/A,2.382336897,0.2,1.5
mp-706251,Cr4H67C20(NO)16,N/A,1.279378937500288,0.2,1.5
mp-1199708,TbAgH10C20(N3O4)2,N/A,2.347477204297939,0.2,1.5
mp-1201870,BeH48C20I6(N2O)4,N/A,1.8349036739409361,0.2,1.5
mp-1204019,NdAgH10C20(N3O4)2,N/A,2.241567298270407,0.2,1.5
mp-1217856,TbAgH18C20(NO2)6,N/A,2.192752225689634,0.2,1.5
mp-1221003,NdAgH18C20(NO2)6,N/A,2.110563484183268,0.2,1.5
mp-1209730,TbH8C21(O2F3)5,N/A,2.183788983615024,0.2,1.5
mp-1212507,NdH10C21O11F15,N/A,2.128296218795441,0.2,1.5
mp-1195390,H26Pd5(C11O8)2,N/A,1.9706381396989752,0.2,1.5
mp-1202611,MnH20C22(N5O3)2,N/A,1.492341885446459,0.2,1.5
mp-1204304,CoH20C22(N5O3)2,N/A,1.380383807516129,0.2,1.5
mp-1195183,H26Pd4Pt(C11O8)2,N/A,2.137259476838578,0.2,1.5
mp-729824,Mn3Mo2H34C22N16O5,N/A,1.567031292611356,0.2,1.5
mp-1194231,Na2Co2Si8H72C24N4O,N/A,1.07149644,0.2,1.5
mp-1199586,KSi7H62C25O6,N/A,0.9585240409061621,0.2,1.5
mp-1203427,Zn3Si12H78(C13O2)2,N/A,1.074250078523067,0.2,1.5
mp-1199767,MgB2H42C26(N7O3)2,N/A,0.982218852,0.2,1.5
mp-1200390,Zn3Si14H90(C15O2)2,N/A,1.055888164520456,0.2,1.5
mp-1205251,Si2BH18C31SO3F23,N/A,1.583998743739649,0.2,1.5
mp-705959,V8Sn16H85(C8O9)4,N/A,2.365791463575818,0.2,1.5
mp-1228185,Ga8As16H102C32(S12O)3,N/A,1.817571928,0.2,1.5
mp-1202135,H48PtC32S4(N3O4)2,N/A,1.4742060101424501,0.2,1.5
mp-1194884,H42C48Xe(ClO2)3,N/A,1.368733910686479,0.2,1.5
mp-2647151,H5C56O,N/A,0.5214494081320601,0.2,1.5
